WARNING: All log messages before absl::InitializeLog() is called are written to STDERR
I0000 00:00:1758310759.698667   45384 gl_context_egl.cc:85] Successfully initialized EGL. Major : 1 Minor: 5
I0000 00:00:1758310759.783035   45718 gl_context.cc:369] GL version: 3.2 (OpenGL ES 3.2 NVIDIA 570.172.08), renderer: Tesla P100-PCIE-16GB/PCIe/SSE2
W0000 00:00:1758310759.816896   45384 face_landmarker_graph.cc:174] Sets FaceBlendshapesGraph acceleration to xnnpack by default.
INFO: Created TensorFlow Lite XNNPACK delegate for CPU.
W0000 00:00:1758310759.886622   45726 inference_feedback_manager.cc:114] Feedback manager requires a model with a single signature inference. Disabling support for feedback tensors.
W0000 00:00:1758310759.921035   45728 inference_feedback_manager.cc:114] Feedback manager requires a model with a single signature inference. Disabling support for feedback tensors.
/home/ksw38/RVL/color_syncnet/Wav2Lip/kimi/get_landmarks_norm.py:6: DeprecationWarning: Please import `Rotation` from the `scipy.spatial.transform` namespace; the `scipy.spatial.transform.rotation` namespace is deprecated and will be removed in SciPy 2.0.0.
  from facetools import genMediapipeInfo,norm_lmks, clearMediapipeInfo
I0000 00:00:1758310763.818871   45384 gl_context_egl.cc:85] Successfully initialized EGL. Major : 1 Minor: 5
I0000 00:00:1758310763.831625   45808 gl_context.cc:369] GL version: 3.2 (OpenGL ES 3.2 NVIDIA 570.172.08), renderer: Tesla P100-PCIE-16GB/PCIe/SSE2
W0000 00:00:1758310763.852855   45816 inference_feedback_manager.cc:114] Feedback manager requires a model with a single signature inference. Disabling support for feedback tensors.
I0000 00:00:1758310777.551250   45384 gl_context_egl.cc:85] Successfully initialized EGL. Major : 1 Minor: 5
I0000 00:00:1758310777.563397   45869 gl_context.cc:369] GL version: 3.2 (OpenGL ES 3.2 NVIDIA 570.172.08), renderer: Tesla P100-PCIE-16GB/PCIe/SSE2
W0000 00:00:1758310777.566074   45384 face_landmarker_graph.cc:174] Sets FaceBlendshapesGraph acceleration to xnnpack by default.
W0000 00:00:1758310777.574049   45877 inference_feedback_manager.cc:114] Feedback manager requires a model with a single signature inference. Disabling support for feedback tensors.
W0000 00:00:1758310777.598330   45877 inference_feedback_manager.cc:114] Feedback manager requires a model with a single signature inference. Disabling support for feedback tensors.
I0000 00:00:1758310778.786037   45384 gl_context_egl.cc:85] Successfully initialized EGL. Major : 1 Minor: 5
I0000 00:00:1758310778.798331   45899 gl_context.cc:369] GL version: 3.2 (OpenGL ES 3.2 NVIDIA 570.172.08), renderer: Tesla P100-PCIE-16GB/PCIe/SSE2
W0000 00:00:1758310778.800493   45384 face_landmarker_graph.cc:174] Sets FaceBlendshapesGraph acceleration to xnnpack by default.
W0000 00:00:1758310778.808103   45907 inference_feedback_manager.cc:114] Feedback manager requires a model with a single signature inference. Disabling support for feedback tensors.
W0000 00:00:1758310778.832005   45907 inference_feedback_manager.cc:114] Feedback manager requires a model with a single signature inference. Disabling support for feedback tensors.
I0000 00:00:1758310779.669295   45384 gl_context_egl.cc:85] Successfully initialized EGL. Major : 1 Minor: 5
I0000 00:00:1758310779.681605   45929 gl_context.cc:369] GL version: 3.2 (OpenGL ES 3.2 NVIDIA 570.172.08), renderer: Tesla P100-PCIE-16GB/PCIe/SSE2
W0000 00:00:1758310779.684548   45384 face_landmarker_graph.cc:174] Sets FaceBlendshapesGraph acceleration to xnnpack by default.
W0000 00:00:1758310779.692116   45937 inference_feedback_manager.cc:114] Feedback manager requires a model with a single signature inference. Disabling support for feedback tensors.
W0000 00:00:1758310779.716087   45937 inference_feedback_manager.cc:114] Feedback manager requires a model with a single signature inference. Disabling support for feedback tensors.
I0000 00:00:1758310780.953181   45384 gl_context_egl.cc:85] Successfully initialized EGL. Major : 1 Minor: 5
I0000 00:00:1758310780.964828   45959 gl_context.cc:369] GL version: 3.2 (OpenGL ES 3.2 NVIDIA 570.172.08), renderer: Tesla P100-PCIE-16GB/PCIe/SSE2
W0000 00:00:1758310780.967190   45384 face_landmarker_graph.cc:174] Sets FaceBlendshapesGraph acceleration to xnnpack by default.
W0000 00:00:1758310780.975092   45967 inference_feedback_manager.cc:114] Feedback manager requires a model with a single signature inference. Disabling support for feedback tensors.
W0000 00:00:1758310780.998610   45970 inference_feedback_manager.cc:114] Feedback manager requires a model with a single signature inference. Disabling support for feedback tensors.
I0000 00:00:1758310782.260109   45384 gl_context_egl.cc:85] Successfully initialized EGL. Major : 1 Minor: 5
I0000 00:00:1758310782.272153   45989 gl_context.cc:369] GL version: 3.2 (OpenGL ES 3.2 NVIDIA 570.172.08), renderer: Tesla P100-PCIE-16GB/PCIe/SSE2
W0000 00:00:1758310782.274203   45384 face_landmarker_graph.cc:174] Sets FaceBlendshapesGraph acceleration to xnnpack by default.
W0000 00:00:1758310782.282038   45997 inference_feedback_manager.cc:114] Feedback manager requires a model with a single signature inference. Disabling support for feedback tensors.
W0000 00:00:1758310782.306332   45997 inference_feedback_manager.cc:114] Feedback manager requires a model with a single signature inference. Disabling support for feedback tensors.
I0000 00:00:1758310783.666439   45384 gl_context_egl.cc:85] Successfully initialized EGL. Major : 1 Minor: 5
I0000 00:00:1758310783.678192   46019 gl_context.cc:369] GL version: 3.2 (OpenGL ES 3.2 NVIDIA 570.172.08), renderer: Tesla P100-PCIE-16GB/PCIe/SSE2
W0000 00:00:1758310783.680251   45384 face_landmarker_graph.cc:174] Sets FaceBlendshapesGraph acceleration to xnnpack by default.
W0000 00:00:1758310783.686103   46027 inference_feedback_manager.cc:114] Feedback manager requires a model with a single signature inference. Disabling support for feedback tensors.
W0000 00:00:1758310783.709504   46027 inference_feedback_manager.cc:114] Feedback manager requires a model with a single signature inference. Disabling support for feedback tensors.
I0000 00:00:1758310784.214725   45384 gl_context_egl.cc:85] Successfully initialized EGL. Major : 1 Minor: 5
I0000 00:00:1758310784.226402   46049 gl_context.cc:369] GL version: 3.2 (OpenGL ES 3.2 NVIDIA 570.172.08), renderer: Tesla P100-PCIE-16GB/PCIe/SSE2
W0000 00:00:1758310784.228944   45384 face_landmarker_graph.cc:174] Sets FaceBlendshapesGraph acceleration to xnnpack by default.
W0000 00:00:1758310784.236962   46057 inference_feedback_manager.cc:114] Feedback manager requires a model with a single signature inference. Disabling support for feedback tensors.
W0000 00:00:1758310784.258201   46060 inference_feedback_manager.cc:114] Feedback manager requires a model with a single signature inference. Disabling support for feedback tensors.
I0000 00:00:1758310784.990452   45384 gl_context_egl.cc:85] Successfully initialized EGL. Major : 1 Minor: 5
I0000 00:00:1758310785.002072   46079 gl_context.cc:369] GL version: 3.2 (OpenGL ES 3.2 NVIDIA 570.172.08), renderer: Tesla P100-PCIE-16GB/PCIe/SSE2
W0000 00:00:1758310785.004325   45384 face_landmarker_graph.cc:174] Sets FaceBlendshapesGraph acceleration to xnnpack by default.
W0000 00:00:1758310785.011895   46087 inference_feedback_manager.cc:114] Feedback manager requires a model with a single signature inference. Disabling support for feedback tensors.
W0000 00:00:1758310785.035654   46087 inference_feedback_manager.cc:114] Feedback manager requires a model with a single signature inference. Disabling support for feedback tensors.
I0000 00:00:1758310785.825694   45384 gl_context_egl.cc:85] Successfully initialized EGL. Major : 1 Minor: 5
I0000 00:00:1758310785.838003   46109 gl_context.cc:369] GL version: 3.2 (OpenGL ES 3.2 NVIDIA 570.172.08), renderer: Tesla P100-PCIE-16GB/PCIe/SSE2
W0000 00:00:1758310785.840341   45384 face_landmarker_graph.cc:174] Sets FaceBlendshapesGraph acceleration to xnnpack by default.
W0000 00:00:1758310785.847958   46117 inference_feedback_manager.cc:114] Feedback manager requires a model with a single signature inference. Disabling support for feedback tensors.
W0000 00:00:1758310785.871756   46117 inference_feedback_manager.cc:114] Feedback manager requires a model with a single signature inference. Disabling support for feedback tensors.
I0000 00:00:1758310787.191550   45384 gl_context_egl.cc:85] Successfully initialized EGL. Major : 1 Minor: 5
I0000 00:00:1758310787.203228   46140 gl_context.cc:369] GL version: 3.2 (OpenGL ES 3.2 NVIDIA 570.172.08), renderer: Tesla P100-PCIE-16GB/PCIe/SSE2
W0000 00:00:1758310787.205746   45384 face_landmarker_graph.cc:174] Sets FaceBlendshapesGraph acceleration to xnnpack by default.
W0000 00:00:1758310787.213767   46148 inference_feedback_manager.cc:114] Feedback manager requires a model with a single signature inference. Disabling support for feedback tensors.
W0000 00:00:1758310787.236762   46151 inference_feedback_manager.cc:114] Feedback manager requires a model with a single signature inference. Disabling support for feedback tensors.
I0000 00:00:1758310788.511187   45384 gl_context_egl.cc:85] Successfully initialized EGL. Major : 1 Minor: 5
I0000 00:00:1758310788.522973   46170 gl_context.cc:369] GL version: 3.2 (OpenGL ES 3.2 NVIDIA 570.172.08), renderer: Tesla P100-PCIE-16GB/PCIe/SSE2
W0000 00:00:1758310788.525060   45384 face_landmarker_graph.cc:174] Sets FaceBlendshapesGraph acceleration to xnnpack by default.
W0000 00:00:1758310788.532096   46178 inference_feedback_manager.cc:114] Feedback manager requires a model with a single signature inference. Disabling support for feedback tensors.
W0000 00:00:1758310788.555788   46178 inference_feedback_manager.cc:114] Feedback manager requires a model with a single signature inference. Disabling support for feedback tensors.
I0000 00:00:1758310789.104323   45384 gl_context_egl.cc:85] Successfully initialized EGL. Major : 1 Minor: 5
I0000 00:00:1758310789.116018   46200 gl_context.cc:369] GL version: 3.2 (OpenGL ES 3.2 NVIDIA 570.172.08), renderer: Tesla P100-PCIE-16GB/PCIe/SSE2
W0000 00:00:1758310789.118035   45384 face_landmarker_graph.cc:174] Sets FaceBlendshapesGraph acceleration to xnnpack by default.
W0000 00:00:1758310789.123965   46208 inference_feedback_manager.cc:114] Feedback manager requires a model with a single signature inference. Disabling support for feedback tensors.
W0000 00:00:1758310789.140582   46208 inference_feedback_manager.cc:114] Feedback manager requires a model with a single signature inference. Disabling support for feedback tensors.
I0000 00:00:1758310790.084520   45384 gl_context_egl.cc:85] Successfully initialized EGL. Major : 1 Minor: 5
I0000 00:00:1758310790.097073   46231 gl_context.cc:369] GL version: 3.2 (OpenGL ES 3.2 NVIDIA 570.172.08), renderer: Tesla P100-PCIE-16GB/PCIe/SSE2
W0000 00:00:1758310790.100438   45384 face_landmarker_graph.cc:174] Sets FaceBlendshapesGraph acceleration to xnnpack by default.
W0000 00:00:1758310790.108161   46239 inference_feedback_manager.cc:114] Feedback manager requires a model with a single signature inference. Disabling support for feedback tensors.
W0000 00:00:1758310790.131927   46239 inference_feedback_manager.cc:114] Feedback manager requires a model with a single signature inference. Disabling support for feedback tensors.
I0000 00:00:1758310790.892917   45384 gl_context_egl.cc:85] Successfully initialized EGL. Major : 1 Minor: 5
I0000 00:00:1758310790.904545   46261 gl_context.cc:369] GL version: 3.2 (OpenGL ES 3.2 NVIDIA 570.172.08), renderer: Tesla P100-PCIE-16GB/PCIe/SSE2
W0000 00:00:1758310790.906445   45384 face_landmarker_graph.cc:174] Sets FaceBlendshapesGraph acceleration to xnnpack by default.
W0000 00:00:1758310790.914128   46269 inference_feedback_manager.cc:114] Feedback manager requires a model with a single signature inference. Disabling support for feedback tensors.
W0000 00:00:1758310790.937841   46269 inference_feedback_manager.cc:114] Feedback manager requires a model with a single signature inference. Disabling support for feedback tensors.
I0000 00:00:1758310791.475240   45384 gl_context_egl.cc:85] Successfully initialized EGL. Major : 1 Minor: 5
I0000 00:00:1758310791.486966   46291 gl_context.cc:369] GL version: 3.2 (OpenGL ES 3.2 NVIDIA 570.172.08), renderer: Tesla P100-PCIE-16GB/PCIe/SSE2
W0000 00:00:1758310791.489031   45384 face_landmarker_graph.cc:174] Sets FaceBlendshapesGraph acceleration to xnnpack by default.
W0000 00:00:1758310791.496846   46299 inference_feedback_manager.cc:114] Feedback manager requires a model with a single signature inference. Disabling support for feedback tensors.
W0000 00:00:1758310791.520672   46299 inference_feedback_manager.cc:114] Feedback manager requires a model with a single signature inference. Disabling support for feedback tensors.
I0000 00:00:1758310792.116647   45384 gl_context_egl.cc:85] Successfully initialized EGL. Major : 1 Minor: 5
I0000 00:00:1758310792.128344   46321 gl_context.cc:369] GL version: 3.2 (OpenGL ES 3.2 NVIDIA 570.172.08), renderer: Tesla P100-PCIE-16GB/PCIe/SSE2
W0000 00:00:1758310792.131022   45384 face_landmarker_graph.cc:174] Sets FaceBlendshapesGraph acceleration to xnnpack by default.
W0000 00:00:1758310792.138304   46329 inference_feedback_manager.cc:114] Feedback manager requires a model with a single signature inference. Disabling support for feedback tensors.
W0000 00:00:1758310792.162047   46329 inference_feedback_manager.cc:114] Feedback manager requires a model with a single signature inference. Disabling support for feedback tensors.
I0000 00:00:1758310793.192706   45384 gl_context_egl.cc:85] Successfully initialized EGL. Major : 1 Minor: 5
I0000 00:00:1758310793.204352   46351 gl_context.cc:369] GL version: 3.2 (OpenGL ES 3.2 NVIDIA 570.172.08), renderer: Tesla P100-PCIE-16GB/PCIe/SSE2
W0000 00:00:1758310793.206626   45384 face_landmarker_graph.cc:174] Sets FaceBlendshapesGraph acceleration to xnnpack by default.
W0000 00:00:1758310793.214717   46359 inference_feedback_manager.cc:114] Feedback manager requires a model with a single signature inference. Disabling support for feedback tensors.
W0000 00:00:1758310793.238083   46362 inference_feedback_manager.cc:114] Feedback manager requires a model with a single signature inference. Disabling support for feedback tensors.
I0000 00:00:1758310793.863440   45384 gl_context_egl.cc:85] Successfully initialized EGL. Major : 1 Minor: 5
I0000 00:00:1758310793.875776   46381 gl_context.cc:369] GL version: 3.2 (OpenGL ES 3.2 NVIDIA 570.172.08), renderer: Tesla P100-PCIE-16GB/PCIe/SSE2
W0000 00:00:1758310793.877986   45384 face_landmarker_graph.cc:174] Sets FaceBlendshapesGraph acceleration to xnnpack by default.
W0000 00:00:1758310793.886053   46389 inference_feedback_manager.cc:114] Feedback manager requires a model with a single signature inference. Disabling support for feedback tensors.
W0000 00:00:1758310793.909658   46392 inference_feedback_manager.cc:114] Feedback manager requires a model with a single signature inference. Disabling support for feedback tensors.
I0000 00:00:1758310795.681908   45384 gl_context_egl.cc:85] Successfully initialized EGL. Major : 1 Minor: 5
I0000 00:00:1758310795.693667   46411 gl_context.cc:369] GL version: 3.2 (OpenGL ES 3.2 NVIDIA 570.172.08), renderer: Tesla P100-PCIE-16GB/PCIe/SSE2
W0000 00:00:1758310795.696253   45384 face_landmarker_graph.cc:174] Sets FaceBlendshapesGraph acceleration to xnnpack by default.
W0000 00:00:1758310795.702361   46419 inference_feedback_manager.cc:114] Feedback manager requires a model with a single signature inference. Disabling support for feedback tensors.
W0000 00:00:1758310795.725922   46419 inference_feedback_manager.cc:114] Feedback manager requires a model with a single signature inference. Disabling support for feedback tensors.
I0000 00:00:1758310796.852532   45384 gl_context_egl.cc:85] Successfully initialized EGL. Major : 1 Minor: 5
I0000 00:00:1758310796.864085   46441 gl_context.cc:369] GL version: 3.2 (OpenGL ES 3.2 NVIDIA 570.172.08), renderer: Tesla P100-PCIE-16GB/PCIe/SSE2
W0000 00:00:1758310796.866555   45384 face_landmarker_graph.cc:174] Sets FaceBlendshapesGraph acceleration to xnnpack by default.
W0000 00:00:1758310796.874200   46449 inference_feedback_manager.cc:114] Feedback manager requires a model with a single signature inference. Disabling support for feedback tensors.
W0000 00:00:1758310796.897961   46449 inference_feedback_manager.cc:114] Feedback manager requires a model with a single signature inference. Disabling support for feedback tensors.
I0000 00:00:1758310798.163255   45384 gl_context_egl.cc:85] Successfully initialized EGL. Major : 1 Minor: 5
I0000 00:00:1758310798.175074   46471 gl_context.cc:369] GL version: 3.2 (OpenGL ES 3.2 NVIDIA 570.172.08), renderer: Tesla P100-PCIE-16GB/PCIe/SSE2
W0000 00:00:1758310798.177010   45384 face_landmarker_graph.cc:174] Sets FaceBlendshapesGraph acceleration to xnnpack by default.
W0000 00:00:1758310798.183080   46479 inference_feedback_manager.cc:114] Feedback manager requires a model with a single signature inference. Disabling support for feedback tensors.
W0000 00:00:1758310798.206690   46479 inference_feedback_manager.cc:114] Feedback manager requires a model with a single signature inference. Disabling support for feedback tensors.
I0000 00:00:1758310798.877256   45384 gl_context_egl.cc:85] Successfully initialized EGL. Major : 1 Minor: 5
I0000 00:00:1758310798.889336   46501 gl_context.cc:369] GL version: 3.2 (OpenGL ES 3.2 NVIDIA 570.172.08), renderer: Tesla P100-PCIE-16GB/PCIe/SSE2
W0000 00:00:1758310798.892250   45384 face_landmarker_graph.cc:174] Sets FaceBlendshapesGraph acceleration to xnnpack by default.
W0000 00:00:1758310798.899929   46509 inference_feedback_manager.cc:114] Feedback manager requires a model with a single signature inference. Disabling support for feedback tensors.
W0000 00:00:1758310798.914455   46512 inference_feedback_manager.cc:114] Feedback manager requires a model with a single signature inference. Disabling support for feedback tensors.
I0000 00:00:1758310800.480539   45384 gl_context_egl.cc:85] Successfully initialized EGL. Major : 1 Minor: 5
I0000 00:00:1758310800.492308   46531 gl_context.cc:369] GL version: 3.2 (OpenGL ES 3.2 NVIDIA 570.172.08), renderer: Tesla P100-PCIE-16GB/PCIe/SSE2
W0000 00:00:1758310800.494755   45384 face_landmarker_graph.cc:174] Sets FaceBlendshapesGraph acceleration to xnnpack by default.
W0000 00:00:1758310800.503026   46539 inference_feedback_manager.cc:114] Feedback manager requires a model with a single signature inference. Disabling support for feedback tensors.
W0000 00:00:1758310800.524126   46542 inference_feedback_manager.cc:114] Feedback manager requires a model with a single signature inference. Disabling support for feedback tensors.
I0000 00:00:1758310801.332395   45384 gl_context_egl.cc:85] Successfully initialized EGL. Major : 1 Minor: 5
I0000 00:00:1758310801.344181   46561 gl_context.cc:369] GL version: 3.2 (OpenGL ES 3.2 NVIDIA 570.172.08), renderer: Tesla P100-PCIE-16GB/PCIe/SSE2
W0000 00:00:1758310801.351378   45384 face_landmarker_graph.cc:174] Sets FaceBlendshapesGraph acceleration to xnnpack by default.
W0000 00:00:1758310801.358849   46569 inference_feedback_manager.cc:114] Feedback manager requires a model with a single signature inference. Disabling support for feedback tensors.
W0000 00:00:1758310801.381929   46569 inference_feedback_manager.cc:114] Feedback manager requires a model with a single signature inference. Disabling support for feedback tensors.
I0000 00:00:1758310802.874201   45384 gl_context_egl.cc:85] Successfully initialized EGL. Major : 1 Minor: 5
I0000 00:00:1758310802.885967   46786 gl_context.cc:369] GL version: 3.2 (OpenGL ES 3.2 NVIDIA 570.172.08), renderer: Tesla P100-PCIE-16GB/PCIe/SSE2
W0000 00:00:1758310802.888794   45384 face_landmarker_graph.cc:174] Sets FaceBlendshapesGraph acceleration to xnnpack by default.
W0000 00:00:1758310802.894875   46794 inference_feedback_manager.cc:114] Feedback manager requires a model with a single signature inference. Disabling support for feedback tensors.
W0000 00:00:1758310802.918193   46794 inference_feedback_manager.cc:114] Feedback manager requires a model with a single signature inference. Disabling support for feedback tensors.
I0000 00:00:1758310803.744500   45384 gl_context_egl.cc:85] Successfully initialized EGL. Major : 1 Minor: 5
I0000 00:00:1758310803.756062   46816 gl_context.cc:369] GL version: 3.2 (OpenGL ES 3.2 NVIDIA 570.172.08), renderer: Tesla P100-PCIE-16GB/PCIe/SSE2
W0000 00:00:1758310803.758122   45384 face_landmarker_graph.cc:174] Sets FaceBlendshapesGraph acceleration to xnnpack by default.
W0000 00:00:1758310803.765379   46823 inference_feedback_manager.cc:114] Feedback manager requires a model with a single signature inference. Disabling support for feedback tensors.
W0000 00:00:1758310803.789024   46823 inference_feedback_manager.cc:114] Feedback manager requires a model with a single signature inference. Disabling support for feedback tensors.
I0000 00:00:1758310804.773058   45384 gl_context_egl.cc:85] Successfully initialized EGL. Major : 1 Minor: 5
I0000 00:00:1758310804.784810   46846 gl_context.cc:369] GL version: 3.2 (OpenGL ES 3.2 NVIDIA 570.172.08), renderer: Tesla P100-PCIE-16GB/PCIe/SSE2
W0000 00:00:1758310804.787045   45384 face_landmarker_graph.cc:174] Sets FaceBlendshapesGraph acceleration to xnnpack by default.
W0000 00:00:1758310804.794400   46854 inference_feedback_manager.cc:114] Feedback manager requires a model with a single signature inference. Disabling support for feedback tensors.
W0000 00:00:1758310804.818207   46854 inference_feedback_manager.cc:114] Feedback manager requires a model with a single signature inference. Disabling support for feedback tensors.
I0000 00:00:1758310806.122323   45384 gl_context_egl.cc:85] Successfully initialized EGL. Major : 1 Minor: 5
I0000 00:00:1758310806.134831   46876 gl_context.cc:369] GL version: 3.2 (OpenGL ES 3.2 NVIDIA 570.172.08), renderer: Tesla P100-PCIE-16GB/PCIe/SSE2
W0000 00:00:1758310806.137812   45384 face_landmarker_graph.cc:174] Sets FaceBlendshapesGraph acceleration to xnnpack by default.
W0000 00:00:1758310806.145981   46884 inference_feedback_manager.cc:114] Feedback manager requires a model with a single signature inference. Disabling support for feedback tensors.
W0000 00:00:1758310806.166791   46887 inference_feedback_manager.cc:114] Feedback manager requires a model with a single signature inference. Disabling support for feedback tensors.
I0000 00:00:1758310806.741651   45384 gl_context_egl.cc:85] Successfully initialized EGL. Major : 1 Minor: 5
I0000 00:00:1758310806.753376   46906 gl_context.cc:369] GL version: 3.2 (OpenGL ES 3.2 NVIDIA 570.172.08), renderer: Tesla P100-PCIE-16GB/PCIe/SSE2
W0000 00:00:1758310806.755679   45384 face_landmarker_graph.cc:174] Sets FaceBlendshapesGraph acceleration to xnnpack by default.
W0000 00:00:1758310806.763716   46914 inference_feedback_manager.cc:114] Feedback manager requires a model with a single signature inference. Disabling support for feedback tensors.
W0000 00:00:1758310806.785377   46917 inference_feedback_manager.cc:114] Feedback manager requires a model with a single signature inference. Disabling support for feedback tensors.
I0000 00:00:1758310807.743070   45384 gl_context_egl.cc:85] Successfully initialized EGL. Major : 1 Minor: 5
I0000 00:00:1758310807.754713   46936 gl_context.cc:369] GL version: 3.2 (OpenGL ES 3.2 NVIDIA 570.172.08), renderer: Tesla P100-PCIE-16GB/PCIe/SSE2
W0000 00:00:1758310807.758437   45384 face_landmarker_graph.cc:174] Sets FaceBlendshapesGraph acceleration to xnnpack by default.
W0000 00:00:1758310807.764598   46944 inference_feedback_manager.cc:114] Feedback manager requires a model with a single signature inference. Disabling support for feedback tensors.
W0000 00:00:1758310807.788238   46944 inference_feedback_manager.cc:114] Feedback manager requires a model with a single signature inference. Disabling support for feedback tensors.
I0000 00:00:1758310809.024093   45384 gl_context_egl.cc:85] Successfully initialized EGL. Major : 1 Minor: 5
I0000 00:00:1758310809.036055   46966 gl_context.cc:369] GL version: 3.2 (OpenGL ES 3.2 NVIDIA 570.172.08), renderer: Tesla P100-PCIE-16GB/PCIe/SSE2
W0000 00:00:1758310809.042732   45384 face_landmarker_graph.cc:174] Sets FaceBlendshapesGraph acceleration to xnnpack by default.
W0000 00:00:1758310809.050085   46974 inference_feedback_manager.cc:114] Feedback manager requires a model with a single signature inference. Disabling support for feedback tensors.
W0000 00:00:1758310809.073394   46974 inference_feedback_manager.cc:114] Feedback manager requires a model with a single signature inference. Disabling support for feedback tensors.
I0000 00:00:1758310809.762289   45384 gl_context_egl.cc:85] Successfully initialized EGL. Major : 1 Minor: 5
I0000 00:00:1758310809.774036   46996 gl_context.cc:369] GL version: 3.2 (OpenGL ES 3.2 NVIDIA 570.172.08), renderer: Tesla P100-PCIE-16GB/PCIe/SSE2
W0000 00:00:1758310809.776241   45384 face_landmarker_graph.cc:174] Sets FaceBlendshapesGraph acceleration to xnnpack by default.
W0000 00:00:1758310809.782387   47004 inference_feedback_manager.cc:114] Feedback manager requires a model with a single signature inference. Disabling support for feedback tensors.
W0000 00:00:1758310809.806102   47004 inference_feedback_manager.cc:114] Feedback manager requires a model with a single signature inference. Disabling support for feedback tensors.
I0000 00:00:1758310810.368206   45384 gl_context_egl.cc:85] Successfully initialized EGL. Major : 1 Minor: 5
I0000 00:00:1758310810.380425   47026 gl_context.cc:369] GL version: 3.2 (OpenGL ES 3.2 NVIDIA 570.172.08), renderer: Tesla P100-PCIE-16GB/PCIe/SSE2
W0000 00:00:1758310810.384425   45384 face_landmarker_graph.cc:174] Sets FaceBlendshapesGraph acceleration to xnnpack by default.
W0000 00:00:1758310810.392673   47034 inference_feedback_manager.cc:114] Feedback manager requires a model with a single signature inference. Disabling support for feedback tensors.
W0000 00:00:1758310810.416113   47037 inference_feedback_manager.cc:114] Feedback manager requires a model with a single signature inference. Disabling support for feedback tensors.
I0000 00:00:1758310811.355953   45384 gl_context_egl.cc:85] Successfully initialized EGL. Major : 1 Minor: 5
I0000 00:00:1758310811.367559   47056 gl_context.cc:369] GL version: 3.2 (OpenGL ES 3.2 NVIDIA 570.172.08), renderer: Tesla P100-PCIE-16GB/PCIe/SSE2
W0000 00:00:1758310811.371210   45384 face_landmarker_graph.cc:174] Sets FaceBlendshapesGraph acceleration to xnnpack by default.
W0000 00:00:1758310811.378621   47064 inference_feedback_manager.cc:114] Feedback manager requires a model with a single signature inference. Disabling support for feedback tensors.
W0000 00:00:1758310811.402441   47064 inference_feedback_manager.cc:114] Feedback manager requires a model with a single signature inference. Disabling support for feedback tensors.
I0000 00:00:1758310812.299021   45384 gl_context_egl.cc:85] Successfully initialized EGL. Major : 1 Minor: 5
I0000 00:00:1758310812.310768   47086 gl_context.cc:369] GL version: 3.2 (OpenGL ES 3.2 NVIDIA 570.172.08), renderer: Tesla P100-PCIE-16GB/PCIe/SSE2
W0000 00:00:1758310812.312608   45384 face_landmarker_graph.cc:174] Sets FaceBlendshapesGraph acceleration to xnnpack by default.
W0000 00:00:1758310812.320772   47094 inference_feedback_manager.cc:114] Feedback manager requires a model with a single signature inference. Disabling support for feedback tensors.
W0000 00:00:1758310812.344289   47097 inference_feedback_manager.cc:114] Feedback manager requires a model with a single signature inference. Disabling support for feedback tensors.
I0000 00:00:1758310813.358359   45384 gl_context_egl.cc:85] Successfully initialized EGL. Major : 1 Minor: 5
I0000 00:00:1758310813.370120   47116 gl_context.cc:369] GL version: 3.2 (OpenGL ES 3.2 NVIDIA 570.172.08), renderer: Tesla P100-PCIE-16GB/PCIe/SSE2
W0000 00:00:1758310813.372393   45384 face_landmarker_graph.cc:174] Sets FaceBlendshapesGraph acceleration to xnnpack by default.
W0000 00:00:1758310813.378515   47124 inference_feedback_manager.cc:114] Feedback manager requires a model with a single signature inference. Disabling support for feedback tensors.
W0000 00:00:1758310813.402160   47124 inference_feedback_manager.cc:114] Feedback manager requires a model with a single signature inference. Disabling support for feedback tensors.
I0000 00:00:1758310814.075302   45384 gl_context_egl.cc:85] Successfully initialized EGL. Major : 1 Minor: 5
I0000 00:00:1758310814.086965   47146 gl_context.cc:369] GL version: 3.2 (OpenGL ES 3.2 NVIDIA 570.172.08), renderer: Tesla P100-PCIE-16GB/PCIe/SSE2
W0000 00:00:1758310814.089565   45384 face_landmarker_graph.cc:174] Sets FaceBlendshapesGraph acceleration to xnnpack by default.
W0000 00:00:1758310814.095807   47154 inference_feedback_manager.cc:114] Feedback manager requires a model with a single signature inference. Disabling support for feedback tensors.
W0000 00:00:1758310814.119330   47154 inference_feedback_manager.cc:114] Feedback manager requires a model with a single signature inference. Disabling support for feedback tensors.
I0000 00:00:1758310815.767679   45384 gl_context_egl.cc:85] Successfully initialized EGL. Major : 1 Minor: 5
I0000 00:00:1758310815.779280   47176 gl_context.cc:369] GL version: 3.2 (OpenGL ES 3.2 NVIDIA 570.172.08), renderer: Tesla P100-PCIE-16GB/PCIe/SSE2
W0000 00:00:1758310815.781122   45384 face_landmarker_graph.cc:174] Sets FaceBlendshapesGraph acceleration to xnnpack by default.
W0000 00:00:1758310815.788941   47184 inference_feedback_manager.cc:114] Feedback manager requires a model with a single signature inference. Disabling support for feedback tensors.
W0000 00:00:1758310815.812814   47184 inference_feedback_manager.cc:114] Feedback manager requires a model with a single signature inference. Disabling support for feedback tensors.
I0000 00:00:1758310816.303244   45384 gl_context_egl.cc:85] Successfully initialized EGL. Major : 1 Minor: 5
I0000 00:00:1758310816.315129   47206 gl_context.cc:369] GL version: 3.2 (OpenGL ES 3.2 NVIDIA 570.172.08), renderer: Tesla P100-PCIE-16GB/PCIe/SSE2
W0000 00:00:1758310816.317225   45384 face_landmarker_graph.cc:174] Sets FaceBlendshapesGraph acceleration to xnnpack by default.
W0000 00:00:1758310816.323698   47214 inference_feedback_manager.cc:114] Feedback manager requires a model with a single signature inference. Disabling support for feedback tensors.
W0000 00:00:1758310816.346585   47217 inference_feedback_manager.cc:114] Feedback manager requires a model with a single signature inference. Disabling support for feedback tensors.
I0000 00:00:1758310817.102878   45384 gl_context_egl.cc:85] Successfully initialized EGL. Major : 1 Minor: 5
I0000 00:00:1758310817.114607   47236 gl_context.cc:369] GL version: 3.2 (OpenGL ES 3.2 NVIDIA 570.172.08), renderer: Tesla P100-PCIE-16GB/PCIe/SSE2
W0000 00:00:1758310817.118345   45384 face_landmarker_graph.cc:174] Sets FaceBlendshapesGraph acceleration to xnnpack by default.
W0000 00:00:1758310817.124567   47244 inference_feedback_manager.cc:114] Feedback manager requires a model with a single signature inference. Disabling support for feedback tensors.
W0000 00:00:1758310817.148147   47244 inference_feedback_manager.cc:114] Feedback manager requires a model with a single signature inference. Disabling support for feedback tensors.
I0000 00:00:1758310819.360697   45384 gl_context_egl.cc:85] Successfully initialized EGL. Major : 1 Minor: 5
I0000 00:00:1758310819.374677   47379 gl_context.cc:369] GL version: 3.2 (OpenGL ES 3.2 NVIDIA 570.172.08), renderer: Tesla P100-PCIE-16GB/PCIe/SSE2
W0000 00:00:1758310819.377625   45384 face_landmarker_graph.cc:174] Sets FaceBlendshapesGraph acceleration to xnnpack by default.
W0000 00:00:1758310819.384740   47387 inference_feedback_manager.cc:114] Feedback manager requires a model with a single signature inference. Disabling support for feedback tensors.
W0000 00:00:1758310819.411119   47387 inference_feedback_manager.cc:114] Feedback manager requires a model with a single signature inference. Disabling support for feedback tensors.
I0000 00:00:1758310820.865079   45384 gl_context_egl.cc:85] Successfully initialized EGL. Major : 1 Minor: 5
I0000 00:00:1758310820.877288   47409 gl_context.cc:369] GL version: 3.2 (OpenGL ES 3.2 NVIDIA 570.172.08), renderer: Tesla P100-PCIE-16GB/PCIe/SSE2
W0000 00:00:1758310820.883247   45384 face_landmarker_graph.cc:174] Sets FaceBlendshapesGraph acceleration to xnnpack by default.
W0000 00:00:1758310820.890650   47417 inference_feedback_manager.cc:114] Feedback manager requires a model with a single signature inference. Disabling support for feedback tensors.
W0000 00:00:1758310820.914557   47417 inference_feedback_manager.cc:114] Feedback manager requires a model with a single signature inference. Disabling support for feedback tensors.
I0000 00:00:1758310821.601436   45384 gl_context_egl.cc:85] Successfully initialized EGL. Major : 1 Minor: 5
I0000 00:00:1758310821.615342   47439 gl_context.cc:369] GL version: 3.2 (OpenGL ES 3.2 NVIDIA 570.172.08), renderer: Tesla P100-PCIE-16GB/PCIe/SSE2
W0000 00:00:1758310821.621175   45384 face_landmarker_graph.cc:174] Sets FaceBlendshapesGraph acceleration to xnnpack by default.
W0000 00:00:1758310821.628932   47447 inference_feedback_manager.cc:114] Feedback manager requires a model with a single signature inference. Disabling support for feedback tensors.
W0000 00:00:1758310821.644984   47447 inference_feedback_manager.cc:114] Feedback manager requires a model with a single signature inference. Disabling support for feedback tensors.
I0000 00:00:1758310822.562716   45384 gl_context_egl.cc:85] Successfully initialized EGL. Major : 1 Minor: 5
I0000 00:00:1758310822.574418   47469 gl_context.cc:369] GL version: 3.2 (OpenGL ES 3.2 NVIDIA 570.172.08), renderer: Tesla P100-PCIE-16GB/PCIe/SSE2
W0000 00:00:1758310822.576321   45384 face_landmarker_graph.cc:174] Sets FaceBlendshapesGraph acceleration to xnnpack by default.
W0000 00:00:1758310822.584210   47477 inference_feedback_manager.cc:114] Feedback manager requires a model with a single signature inference. Disabling support for feedback tensors.
W0000 00:00:1758310822.608087   47477 inference_feedback_manager.cc:114] Feedback manager requires a model with a single signature inference. Disabling support for feedback tensors.
I0000 00:00:1758310823.634695   45384 gl_context_egl.cc:85] Successfully initialized EGL. Major : 1 Minor: 5
I0000 00:00:1758310823.646433   47500 gl_context.cc:369] GL version: 3.2 (OpenGL ES 3.2 NVIDIA 570.172.08), renderer: Tesla P100-PCIE-16GB/PCIe/SSE2
W0000 00:00:1758310823.648365   45384 face_landmarker_graph.cc:174] Sets FaceBlendshapesGraph acceleration to xnnpack by default.
W0000 00:00:1758310823.655723   47508 inference_feedback_manager.cc:114] Feedback manager requires a model with a single signature inference. Disabling support for feedback tensors.
W0000 00:00:1758310823.679389   47508 inference_feedback_manager.cc:114] Feedback manager requires a model with a single signature inference. Disabling support for feedback tensors.
I0000 00:00:1758310825.342670   45384 gl_context_egl.cc:85] Successfully initialized EGL. Major : 1 Minor: 5
I0000 00:00:1758310825.354980   47530 gl_context.cc:369] GL version: 3.2 (OpenGL ES 3.2 NVIDIA 570.172.08), renderer: Tesla P100-PCIE-16GB/PCIe/SSE2
W0000 00:00:1758310825.357030   45384 face_landmarker_graph.cc:174] Sets FaceBlendshapesGraph acceleration to xnnpack by default.
W0000 00:00:1758310825.364414   47538 inference_feedback_manager.cc:114] Feedback manager requires a model with a single signature inference. Disabling support for feedback tensors.
W0000 00:00:1758310825.388133   47538 inference_feedback_manager.cc:114] Feedback manager requires a model with a single signature inference. Disabling support for feedback tensors.
I0000 00:00:1758310826.405248   45384 gl_context_egl.cc:85] Successfully initialized EGL. Major : 1 Minor: 5
I0000 00:00:1758310826.416960   47560 gl_context.cc:369] GL version: 3.2 (OpenGL ES 3.2 NVIDIA 570.172.08), renderer: Tesla P100-PCIE-16GB/PCIe/SSE2
W0000 00:00:1758310826.419213   45384 face_landmarker_graph.cc:174] Sets FaceBlendshapesGraph acceleration to xnnpack by default.
W0000 00:00:1758310826.425489   47568 inference_feedback_manager.cc:114] Feedback manager requires a model with a single signature inference. Disabling support for feedback tensors.
W0000 00:00:1758310826.438387   47568 inference_feedback_manager.cc:114] Feedback manager requires a model with a single signature inference. Disabling support for feedback tensors.
I0000 00:00:1758310827.190231   45384 gl_context_egl.cc:85] Successfully initialized EGL. Major : 1 Minor: 5
I0000 00:00:1758310827.201920   47590 gl_context.cc:369] GL version: 3.2 (OpenGL ES 3.2 NVIDIA 570.172.08), renderer: Tesla P100-PCIE-16GB/PCIe/SSE2
W0000 00:00:1758310827.205316   45384 face_landmarker_graph.cc:174] Sets FaceBlendshapesGraph acceleration to xnnpack by default.
W0000 00:00:1758310827.211612   47598 inference_feedback_manager.cc:114] Feedback manager requires a model with a single signature inference. Disabling support for feedback tensors.
W0000 00:00:1758310827.224515   47598 inference_feedback_manager.cc:114] Feedback manager requires a model with a single signature inference. Disabling support for feedback tensors.
I0000 00:00:1758310828.034329   45384 gl_context_egl.cc:85] Successfully initialized EGL. Major : 1 Minor: 5
I0000 00:00:1758310828.046108   47620 gl_context.cc:369] GL version: 3.2 (OpenGL ES 3.2 NVIDIA 570.172.08), renderer: Tesla P100-PCIE-16GB/PCIe/SSE2
W0000 00:00:1758310828.048178   45384 face_landmarker_graph.cc:174] Sets FaceBlendshapesGraph acceleration to xnnpack by default.
W0000 00:00:1758310828.054294   47628 inference_feedback_manager.cc:114] Feedback manager requires a model with a single signature inference. Disabling support for feedback tensors.
W0000 00:00:1758310828.078207   47628 inference_feedback_manager.cc:114] Feedback manager requires a model with a single signature inference. Disabling support for feedback tensors.
I0000 00:00:1758310829.864181   45384 gl_context_egl.cc:85] Successfully initialized EGL. Major : 1 Minor: 5
I0000 00:00:1758310829.876336   47652 gl_context.cc:369] GL version: 3.2 (OpenGL ES 3.2 NVIDIA 570.172.08), renderer: Tesla P100-PCIE-16GB/PCIe/SSE2
W0000 00:00:1758310829.878529   45384 face_landmarker_graph.cc:174] Sets FaceBlendshapesGraph acceleration to xnnpack by default.
W0000 00:00:1758310829.885310   47660 inference_feedback_manager.cc:114] Feedback manager requires a model with a single signature inference. Disabling support for feedback tensors.
W0000 00:00:1758310829.908904   47660 inference_feedback_manager.cc:114] Feedback manager requires a model with a single signature inference. Disabling support for feedback tensors.
I0000 00:00:1758310831.939515   45384 gl_context_egl.cc:85] Successfully initialized EGL. Major : 1 Minor: 5
I0000 00:00:1758310831.952001   47682 gl_context.cc:369] GL version: 3.2 (OpenGL ES 3.2 NVIDIA 570.172.08), renderer: Tesla P100-PCIE-16GB/PCIe/SSE2
W0000 00:00:1758310831.954382   45384 face_landmarker_graph.cc:174] Sets FaceBlendshapesGraph acceleration to xnnpack by default.
W0000 00:00:1758310831.962237   47690 inference_feedback_manager.cc:114] Feedback manager requires a model with a single signature inference. Disabling support for feedback tensors.
W0000 00:00:1758310831.986047   47690 inference_feedback_manager.cc:114] Feedback manager requires a model with a single signature inference. Disabling support for feedback tensors.
I0000 00:00:1758310832.676207   45384 gl_context_egl.cc:85] Successfully initialized EGL. Major : 1 Minor: 5
I0000 00:00:1758310832.687882   47712 gl_context.cc:369] GL version: 3.2 (OpenGL ES 3.2 NVIDIA 570.172.08), renderer: Tesla P100-PCIE-16GB/PCIe/SSE2
W0000 00:00:1758310832.690115   45384 face_landmarker_graph.cc:174] Sets FaceBlendshapesGraph acceleration to xnnpack by default.
W0000 00:00:1758310832.697450   47720 inference_feedback_manager.cc:114] Feedback manager requires a model with a single signature inference. Disabling support for feedback tensors.
W0000 00:00:1758310832.721113   47720 inference_feedback_manager.cc:114] Feedback manager requires a model with a single signature inference. Disabling support for feedback tensors.
I0000 00:00:1758310833.515567   45384 gl_context_egl.cc:85] Successfully initialized EGL. Major : 1 Minor: 5
I0000 00:00:1758310833.527303   47742 gl_context.cc:369] GL version: 3.2 (OpenGL ES 3.2 NVIDIA 570.172.08), renderer: Tesla P100-PCIE-16GB/PCIe/SSE2
W0000 00:00:1758310833.529727   45384 face_landmarker_graph.cc:174] Sets FaceBlendshapesGraph acceleration to xnnpack by default.
W0000 00:00:1758310833.537845   47750 inference_feedback_manager.cc:114] Feedback manager requires a model with a single signature inference. Disabling support for feedback tensors.
W0000 00:00:1758310833.559324   47753 inference_feedback_manager.cc:114] Feedback manager requires a model with a single signature inference. Disabling support for feedback tensors.
I0000 00:00:1758310834.645625   45384 gl_context_egl.cc:85] Successfully initialized EGL. Major : 1 Minor: 5
I0000 00:00:1758310834.657325   47772 gl_context.cc:369] GL version: 3.2 (OpenGL ES 3.2 NVIDIA 570.172.08), renderer: Tesla P100-PCIE-16GB/PCIe/SSE2
W0000 00:00:1758310834.659549   45384 face_landmarker_graph.cc:174] Sets FaceBlendshapesGraph acceleration to xnnpack by default.
W0000 00:00:1758310834.665797   47780 inference_feedback_manager.cc:114] Feedback manager requires a model with a single signature inference. Disabling support for feedback tensors.
W0000 00:00:1758310834.689343   47780 inference_feedback_manager.cc:114] Feedback manager requires a model with a single signature inference. Disabling support for feedback tensors.
I0000 00:00:1758310835.492177   45384 gl_context_egl.cc:85] Successfully initialized EGL. Major : 1 Minor: 5
I0000 00:00:1758310835.503886   47802 gl_context.cc:369] GL version: 3.2 (OpenGL ES 3.2 NVIDIA 570.172.08), renderer: Tesla P100-PCIE-16GB/PCIe/SSE2
W0000 00:00:1758310835.505912   45384 face_landmarker_graph.cc:174] Sets FaceBlendshapesGraph acceleration to xnnpack by default.
W0000 00:00:1758310835.513362   47810 inference_feedback_manager.cc:114] Feedback manager requires a model with a single signature inference. Disabling support for feedback tensors.
W0000 00:00:1758310835.537049   47810 inference_feedback_manager.cc:114] Feedback manager requires a model with a single signature inference. Disabling support for feedback tensors.
I0000 00:00:1758310837.041953   45384 gl_context_egl.cc:85] Successfully initialized EGL. Major : 1 Minor: 5
I0000 00:00:1758310837.053850   47832 gl_context.cc:369] GL version: 3.2 (OpenGL ES 3.2 NVIDIA 570.172.08), renderer: Tesla P100-PCIE-16GB/PCIe/SSE2
W0000 00:00:1758310837.056439   45384 face_landmarker_graph.cc:174] Sets FaceBlendshapesGraph acceleration to xnnpack by default.
W0000 00:00:1758310837.062604   47840 inference_feedback_manager.cc:114] Feedback manager requires a model with a single signature inference. Disabling support for feedback tensors.
W0000 00:00:1758310837.086132   47840 inference_feedback_manager.cc:114] Feedback manager requires a model with a single signature inference. Disabling support for feedback tensors.
I0000 00:00:1758310838.689519   45384 gl_context_egl.cc:85] Successfully initialized EGL. Major : 1 Minor: 5
I0000 00:00:1758310838.701194   47862 gl_context.cc:369] GL version: 3.2 (OpenGL ES 3.2 NVIDIA 570.172.08), renderer: Tesla P100-PCIE-16GB/PCIe/SSE2
W0000 00:00:1758310838.705078   45384 face_landmarker_graph.cc:174] Sets FaceBlendshapesGraph acceleration to xnnpack by default.
W0000 00:00:1758310838.712534   47870 inference_feedback_manager.cc:114] Feedback manager requires a model with a single signature inference. Disabling support for feedback tensors.
W0000 00:00:1758310838.736006   47870 inference_feedback_manager.cc:114] Feedback manager requires a model with a single signature inference. Disabling support for feedback tensors.
I0000 00:00:1758310839.269314   45384 gl_context_egl.cc:85] Successfully initialized EGL. Major : 1 Minor: 5
I0000 00:00:1758310839.280949   47892 gl_context.cc:369] GL version: 3.2 (OpenGL ES 3.2 NVIDIA 570.172.08), renderer: Tesla P100-PCIE-16GB/PCIe/SSE2
W0000 00:00:1758310839.283989   45384 face_landmarker_graph.cc:174] Sets FaceBlendshapesGraph acceleration to xnnpack by default.
W0000 00:00:1758310839.291296   47900 inference_feedback_manager.cc:114] Feedback manager requires a model with a single signature inference. Disabling support for feedback tensors.
W0000 00:00:1758310839.314431   47900 inference_feedback_manager.cc:114] Feedback manager requires a model with a single signature inference. Disabling support for feedback tensors.
I0000 00:00:1758310840.238709   45384 gl_context_egl.cc:85] Successfully initialized EGL. Major : 1 Minor: 5
I0000 00:00:1758310840.250448   47922 gl_context.cc:369] GL version: 3.2 (OpenGL ES 3.2 NVIDIA 570.172.08), renderer: Tesla P100-PCIE-16GB/PCIe/SSE2
W0000 00:00:1758310840.252581   45384 face_landmarker_graph.cc:174] Sets FaceBlendshapesGraph acceleration to xnnpack by default.
W0000 00:00:1758310840.258811   47930 inference_feedback_manager.cc:114] Feedback manager requires a model with a single signature inference. Disabling support for feedback tensors.
W0000 00:00:1758310840.282072   47930 inference_feedback_manager.cc:114] Feedback manager requires a model with a single signature inference. Disabling support for feedback tensors.
I0000 00:00:1758310840.950649   45384 gl_context_egl.cc:85] Successfully initialized EGL. Major : 1 Minor: 5
I0000 00:00:1758310840.962256   47952 gl_context.cc:369] GL version: 3.2 (OpenGL ES 3.2 NVIDIA 570.172.08), renderer: Tesla P100-PCIE-16GB/PCIe/SSE2
W0000 00:00:1758310840.964237   45384 face_landmarker_graph.cc:174] Sets FaceBlendshapesGraph acceleration to xnnpack by default.
W0000 00:00:1758310840.972180   47960 inference_feedback_manager.cc:114] Feedback manager requires a model with a single signature inference. Disabling support for feedback tensors.
W0000 00:00:1758310840.995942   47960 inference_feedback_manager.cc:114] Feedback manager requires a model with a single signature inference. Disabling support for feedback tensors.
I0000 00:00:1758310841.551860   45384 gl_context_egl.cc:85] Successfully initialized EGL. Major : 1 Minor: 5
I0000 00:00:1758310841.563712   47982 gl_context.cc:369] GL version: 3.2 (OpenGL ES 3.2 NVIDIA 570.172.08), renderer: Tesla P100-PCIE-16GB/PCIe/SSE2
W0000 00:00:1758310841.565864   45384 face_landmarker_graph.cc:174] Sets FaceBlendshapesGraph acceleration to xnnpack by default.
W0000 00:00:1758310841.573245   47990 inference_feedback_manager.cc:114] Feedback manager requires a model with a single signature inference. Disabling support for feedback tensors.
W0000 00:00:1758310841.597137   47990 inference_feedback_manager.cc:114] Feedback manager requires a model with a single signature inference. Disabling support for feedback tensors.
I0000 00:00:1758310842.445936   45384 gl_context_egl.cc:85] Successfully initialized EGL. Major : 1 Minor: 5
I0000 00:00:1758310842.457593   48012 gl_context.cc:369] GL version: 3.2 (OpenGL ES 3.2 NVIDIA 570.172.08), renderer: Tesla P100-PCIE-16GB/PCIe/SSE2
W0000 00:00:1758310842.460533   45384 face_landmarker_graph.cc:174] Sets FaceBlendshapesGraph acceleration to xnnpack by default.
W0000 00:00:1758310842.467942   48020 inference_feedback_manager.cc:114] Feedback manager requires a model with a single signature inference. Disabling support for feedback tensors.
W0000 00:00:1758310842.491526   48020 inference_feedback_manager.cc:114] Feedback manager requires a model with a single signature inference. Disabling support for feedback tensors.
I0000 00:00:1758310843.471388   45384 gl_context_egl.cc:85] Successfully initialized EGL. Major : 1 Minor: 5
I0000 00:00:1758310843.484327   48048 gl_context.cc:369] GL version: 3.2 (OpenGL ES 3.2 NVIDIA 570.172.08), renderer: Tesla P100-PCIE-16GB/PCIe/SSE2
W0000 00:00:1758310843.486166   45384 face_landmarker_graph.cc:174] Sets FaceBlendshapesGraph acceleration to xnnpack by default.
W0000 00:00:1758310843.494873   48056 inference_feedback_manager.cc:114] Feedback manager requires a model with a single signature inference. Disabling support for feedback tensors.
W0000 00:00:1758310843.521561   48056 inference_feedback_manager.cc:114] Feedback manager requires a model with a single signature inference. Disabling support for feedback tensors.
I0000 00:00:1758310844.837502   45384 gl_context_egl.cc:85] Successfully initialized EGL. Major : 1 Minor: 5
I0000 00:00:1758310844.849327   48083 gl_context.cc:369] GL version: 3.2 (OpenGL ES 3.2 NVIDIA 570.172.08), renderer: Tesla P100-PCIE-16GB/PCIe/SSE2
W0000 00:00:1758310844.851464   45384 face_landmarker_graph.cc:174] Sets FaceBlendshapesGraph acceleration to xnnpack by default.
W0000 00:00:1758310844.857702   48091 inference_feedback_manager.cc:114] Feedback manager requires a model with a single signature inference. Disabling support for feedback tensors.
W0000 00:00:1758310844.881388   48091 inference_feedback_manager.cc:114] Feedback manager requires a model with a single signature inference. Disabling support for feedback tensors.
I0000 00:00:1758310845.847208   45384 gl_context_egl.cc:85] Successfully initialized EGL. Major : 1 Minor: 5
I0000 00:00:1758310845.859754   48113 gl_context.cc:369] GL version: 3.2 (OpenGL ES 3.2 NVIDIA 570.172.08), renderer: Tesla P100-PCIE-16GB/PCIe/SSE2
W0000 00:00:1758310845.861708   45384 face_landmarker_graph.cc:174] Sets FaceBlendshapesGraph acceleration to xnnpack by default.
W0000 00:00:1758310845.869956   48121 inference_feedback_manager.cc:114] Feedback manager requires a model with a single signature inference. Disabling support for feedback tensors.
W0000 00:00:1758310845.893657   48124 inference_feedback_manager.cc:114] Feedback manager requires a model with a single signature inference. Disabling support for feedback tensors.
I0000 00:00:1758310846.473052   45384 gl_context_egl.cc:85] Successfully initialized EGL. Major : 1 Minor: 5
I0000 00:00:1758310846.484885   48143 gl_context.cc:369] GL version: 3.2 (OpenGL ES 3.2 NVIDIA 570.172.08), renderer: Tesla P100-PCIE-16GB/PCIe/SSE2
W0000 00:00:1758310846.486929   45384 face_landmarker_graph.cc:174] Sets FaceBlendshapesGraph acceleration to xnnpack by default.
W0000 00:00:1758310846.493542   48151 inference_feedback_manager.cc:114] Feedback manager requires a model with a single signature inference. Disabling support for feedback tensors.
W0000 00:00:1758310846.516602   48151 inference_feedback_manager.cc:114] Feedback manager requires a model with a single signature inference. Disabling support for feedback tensors.
I0000 00:00:1758310847.113011   45384 gl_context_egl.cc:85] Successfully initialized EGL. Major : 1 Minor: 5
I0000 00:00:1758310847.124711   48173 gl_context.cc:369] GL version: 3.2 (OpenGL ES 3.2 NVIDIA 570.172.08), renderer: Tesla P100-PCIE-16GB/PCIe/SSE2
W0000 00:00:1758310847.126680   45384 face_landmarker_graph.cc:174] Sets FaceBlendshapesGraph acceleration to xnnpack by default.
W0000 00:00:1758310847.134018   48181 inference_feedback_manager.cc:114] Feedback manager requires a model with a single signature inference. Disabling support for feedback tensors.
W0000 00:00:1758310847.157784   48181 inference_feedback_manager.cc:114] Feedback manager requires a model with a single signature inference. Disabling support for feedback tensors.
I0000 00:00:1758310847.720687   45384 gl_context_egl.cc:85] Successfully initialized EGL. Major : 1 Minor: 5
I0000 00:00:1758310847.732396   48203 gl_context.cc:369] GL version: 3.2 (OpenGL ES 3.2 NVIDIA 570.172.08), renderer: Tesla P100-PCIE-16GB/PCIe/SSE2
W0000 00:00:1758310847.734456   45384 face_landmarker_graph.cc:174] Sets FaceBlendshapesGraph acceleration to xnnpack by default.
W0000 00:00:1758310847.740739   48211 inference_feedback_manager.cc:114] Feedback manager requires a model with a single signature inference. Disabling support for feedback tensors.
W0000 00:00:1758310847.764386   48211 inference_feedback_manager.cc:114] Feedback manager requires a model with a single signature inference. Disabling support for feedback tensors.
I0000 00:00:1758310848.262536   45384 gl_context_egl.cc:85] Successfully initialized EGL. Major : 1 Minor: 5
I0000 00:00:1758310848.274318   48233 gl_context.cc:369] GL version: 3.2 (OpenGL ES 3.2 NVIDIA 570.172.08), renderer: Tesla P100-PCIE-16GB/PCIe/SSE2
W0000 00:00:1758310848.276518   45384 face_landmarker_graph.cc:174] Sets FaceBlendshapesGraph acceleration to xnnpack by default.
W0000 00:00:1758310848.283978   48241 inference_feedback_manager.cc:114] Feedback manager requires a model with a single signature inference. Disabling support for feedback tensors.
W0000 00:00:1758310848.307870   48241 inference_feedback_manager.cc:114] Feedback manager requires a model with a single signature inference. Disabling support for feedback tensors.
I0000 00:00:1758310849.036387   45384 gl_context_egl.cc:85] Successfully initialized EGL. Major : 1 Minor: 5
I0000 00:00:1758310849.048177   48263 gl_context.cc:369] GL version: 3.2 (OpenGL ES 3.2 NVIDIA 570.172.08), renderer: Tesla P100-PCIE-16GB/PCIe/SSE2
W0000 00:00:1758310849.050306   45384 face_landmarker_graph.cc:174] Sets FaceBlendshapesGraph acceleration to xnnpack by default.
W0000 00:00:1758310849.056493   48271 inference_feedback_manager.cc:114] Feedback manager requires a model with a single signature inference. Disabling support for feedback tensors.
W0000 00:00:1758310849.080051   48271 inference_feedback_manager.cc:114] Feedback manager requires a model with a single signature inference. Disabling support for feedback tensors.
I0000 00:00:1758310850.105881   45384 gl_context_egl.cc:85] Successfully initialized EGL. Major : 1 Minor: 5
I0000 00:00:1758310850.118045   48293 gl_context.cc:369] GL version: 3.2 (OpenGL ES 3.2 NVIDIA 570.172.08), renderer: Tesla P100-PCIE-16GB/PCIe/SSE2
W0000 00:00:1758310850.120593   45384 face_landmarker_graph.cc:174] Sets FaceBlendshapesGraph acceleration to xnnpack by default.
W0000 00:00:1758310850.128012   48301 inference_feedback_manager.cc:114] Feedback manager requires a model with a single signature inference. Disabling support for feedback tensors.
W0000 00:00:1758310850.151738   48301 inference_feedback_manager.cc:114] Feedback manager requires a model with a single signature inference. Disabling support for feedback tensors.
I0000 00:00:1758310851.425242   45384 gl_context_egl.cc:85] Successfully initialized EGL. Major : 1 Minor: 5
I0000 00:00:1758310851.436833   48323 gl_context.cc:369] GL version: 3.2 (OpenGL ES 3.2 NVIDIA 570.172.08), renderer: Tesla P100-PCIE-16GB/PCIe/SSE2
W0000 00:00:1758310851.439622   45384 face_landmarker_graph.cc:174] Sets FaceBlendshapesGraph acceleration to xnnpack by default.
W0000 00:00:1758310851.445777   48331 inference_feedback_manager.cc:114] Feedback manager requires a model with a single signature inference. Disabling support for feedback tensors.
W0000 00:00:1758310851.469070   48331 inference_feedback_manager.cc:114] Feedback manager requires a model with a single signature inference. Disabling support for feedback tensors.
I0000 00:00:1758310852.633765   45384 gl_context_egl.cc:85] Successfully initialized EGL. Major : 1 Minor: 5
I0000 00:00:1758310852.645624   48354 gl_context.cc:369] GL version: 3.2 (OpenGL ES 3.2 NVIDIA 570.172.08), renderer: Tesla P100-PCIE-16GB/PCIe/SSE2
W0000 00:00:1758310852.648127   45384 face_landmarker_graph.cc:174] Sets FaceBlendshapesGraph acceleration to xnnpack by default.
W0000 00:00:1758310852.655511   48362 inference_feedback_manager.cc:114] Feedback manager requires a model with a single signature inference. Disabling support for feedback tensors.
W0000 00:00:1758310852.679370   48362 inference_feedback_manager.cc:114] Feedback manager requires a model with a single signature inference. Disabling support for feedback tensors.
I0000 00:00:1758310854.129982   45384 gl_context_egl.cc:85] Successfully initialized EGL. Major : 1 Minor: 5
I0000 00:00:1758310854.141674   48384 gl_context.cc:369] GL version: 3.2 (OpenGL ES 3.2 NVIDIA 570.172.08), renderer: Tesla P100-PCIE-16GB/PCIe/SSE2
W0000 00:00:1758310854.143750   45384 face_landmarker_graph.cc:174] Sets FaceBlendshapesGraph acceleration to xnnpack by default.
W0000 00:00:1758310854.149923   48392 inference_feedback_manager.cc:114] Feedback manager requires a model with a single signature inference. Disabling support for feedback tensors.
W0000 00:00:1758310854.173464   48392 inference_feedback_manager.cc:114] Feedback manager requires a model with a single signature inference. Disabling support for feedback tensors.
I0000 00:00:1758310854.776416   45384 gl_context_egl.cc:85] Successfully initialized EGL. Major : 1 Minor: 5
I0000 00:00:1758310854.788227   48414 gl_context.cc:369] GL version: 3.2 (OpenGL ES 3.2 NVIDIA 570.172.08), renderer: Tesla P100-PCIE-16GB/PCIe/SSE2
W0000 00:00:1758310854.790140   45384 face_landmarker_graph.cc:174] Sets FaceBlendshapesGraph acceleration to xnnpack by default.
W0000 00:00:1758310854.798959   48422 inference_feedback_manager.cc:114] Feedback manager requires a model with a single signature inference. Disabling support for feedback tensors.
W0000 00:00:1758310854.822389   48422 inference_feedback_manager.cc:114] Feedback manager requires a model with a single signature inference. Disabling support for feedback tensors.
I0000 00:00:1758310855.211925   45384 gl_context_egl.cc:85] Successfully initialized EGL. Major : 1 Minor: 5
I0000 00:00:1758310855.223648   48444 gl_context.cc:369] GL version: 3.2 (OpenGL ES 3.2 NVIDIA 570.172.08), renderer: Tesla P100-PCIE-16GB/PCIe/SSE2
W0000 00:00:1758310855.226907   45384 face_landmarker_graph.cc:174] Sets FaceBlendshapesGraph acceleration to xnnpack by default.
W0000 00:00:1758310855.234353   48452 inference_feedback_manager.cc:114] Feedback manager requires a model with a single signature inference. Disabling support for feedback tensors.
W0000 00:00:1758310855.258065   48452 inference_feedback_manager.cc:114] Feedback manager requires a model with a single signature inference. Disabling support for feedback tensors.
I0000 00:00:1758310855.954641   45384 gl_context_egl.cc:85] Successfully initialized EGL. Major : 1 Minor: 5
I0000 00:00:1758310855.966456   48474 gl_context.cc:369] GL version: 3.2 (OpenGL ES 3.2 NVIDIA 570.172.08), renderer: Tesla P100-PCIE-16GB/PCIe/SSE2
W0000 00:00:1758310855.968902   45384 face_landmarker_graph.cc:174] Sets FaceBlendshapesGraph acceleration to xnnpack by default.
W0000 00:00:1758310855.975158   48482 inference_feedback_manager.cc:114] Feedback manager requires a model with a single signature inference. Disabling support for feedback tensors.
W0000 00:00:1758310855.998510   48482 inference_feedback_manager.cc:114] Feedback manager requires a model with a single signature inference. Disabling support for feedback tensors.
I0000 00:00:1758310856.618219   45384 gl_context_egl.cc:85] Successfully initialized EGL. Major : 1 Minor: 5
I0000 00:00:1758310856.629964   48504 gl_context.cc:369] GL version: 3.2 (OpenGL ES 3.2 NVIDIA 570.172.08), renderer: Tesla P100-PCIE-16GB/PCIe/SSE2
W0000 00:00:1758310856.632123   45384 face_landmarker_graph.cc:174] Sets FaceBlendshapesGraph acceleration to xnnpack by default.
W0000 00:00:1758310856.639348   48512 inference_feedback_manager.cc:114] Feedback manager requires a model with a single signature inference. Disabling support for feedback tensors.
W0000 00:00:1758310856.662726   48512 inference_feedback_manager.cc:114] Feedback manager requires a model with a single signature inference. Disabling support for feedback tensors.
I0000 00:00:1758310857.875966   45384 gl_context_egl.cc:85] Successfully initialized EGL. Major : 1 Minor: 5
I0000 00:00:1758310857.887762   48534 gl_context.cc:369] GL version: 3.2 (OpenGL ES 3.2 NVIDIA 570.172.08), renderer: Tesla P100-PCIE-16GB/PCIe/SSE2
W0000 00:00:1758310857.889709   45384 face_landmarker_graph.cc:174] Sets FaceBlendshapesGraph acceleration to xnnpack by default.
W0000 00:00:1758310857.895954   48542 inference_feedback_manager.cc:114] Feedback manager requires a model with a single signature inference. Disabling support for feedback tensors.
W0000 00:00:1758310857.919364   48542 inference_feedback_manager.cc:114] Feedback manager requires a model with a single signature inference. Disabling support for feedback tensors.
I0000 00:00:1758310858.412520   45384 gl_context_egl.cc:85] Successfully initialized EGL. Major : 1 Minor: 5
I0000 00:00:1758310858.424172   48564 gl_context.cc:369] GL version: 3.2 (OpenGL ES 3.2 NVIDIA 570.172.08), renderer: Tesla P100-PCIE-16GB/PCIe/SSE2
W0000 00:00:1758310858.426702   45384 face_landmarker_graph.cc:174] Sets FaceBlendshapesGraph acceleration to xnnpack by default.
W0000 00:00:1758310858.434887   48572 inference_feedback_manager.cc:114] Feedback manager requires a model with a single signature inference. Disabling support for feedback tensors.
W0000 00:00:1758310858.457764   48575 inference_feedback_manager.cc:114] Feedback manager requires a model with a single signature inference. Disabling support for feedback tensors.
I0000 00:00:1758310859.566736   45384 gl_context_egl.cc:85] Successfully initialized EGL. Major : 1 Minor: 5
I0000 00:00:1758310859.579289   48594 gl_context.cc:369] GL version: 3.2 (OpenGL ES 3.2 NVIDIA 570.172.08), renderer: Tesla P100-PCIE-16GB/PCIe/SSE2
W0000 00:00:1758310859.581258   45384 face_landmarker_graph.cc:174] Sets FaceBlendshapesGraph acceleration to xnnpack by default.
W0000 00:00:1758310859.587773   48602 inference_feedback_manager.cc:114] Feedback manager requires a model with a single signature inference. Disabling support for feedback tensors.
W0000 00:00:1758310859.609505   48605 inference_feedback_manager.cc:114] Feedback manager requires a model with a single signature inference. Disabling support for feedback tensors.
I0000 00:00:1758310862.248898   45384 gl_context_egl.cc:85] Successfully initialized EGL. Major : 1 Minor: 5
I0000 00:00:1758310862.260701   48672 gl_context.cc:369] GL version: 3.2 (OpenGL ES 3.2 NVIDIA 570.172.08), renderer: Tesla P100-PCIE-16GB/PCIe/SSE2
W0000 00:00:1758310862.262749   45384 face_landmarker_graph.cc:174] Sets FaceBlendshapesGraph acceleration to xnnpack by default.
W0000 00:00:1758310862.268924   48680 inference_feedback_manager.cc:114] Feedback manager requires a model with a single signature inference. Disabling support for feedback tensors.
W0000 00:00:1758310862.285657   48680 inference_feedback_manager.cc:114] Feedback manager requires a model with a single signature inference. Disabling support for feedback tensors.
I0000 00:00:1758310863.183647   45384 gl_context_egl.cc:85] Successfully initialized EGL. Major : 1 Minor: 5
I0000 00:00:1758310863.195362   48702 gl_context.cc:369] GL version: 3.2 (OpenGL ES 3.2 NVIDIA 570.172.08), renderer: Tesla P100-PCIE-16GB/PCIe/SSE2
W0000 00:00:1758310863.198278   45384 face_landmarker_graph.cc:174] Sets FaceBlendshapesGraph acceleration to xnnpack by default.
W0000 00:00:1758310863.204484   48710 inference_feedback_manager.cc:114] Feedback manager requires a model with a single signature inference. Disabling support for feedback tensors.
W0000 00:00:1758310863.227839   48710 inference_feedback_manager.cc:114] Feedback manager requires a model with a single signature inference. Disabling support for feedback tensors.
I0000 00:00:1758310865.531388   45384 gl_context_egl.cc:85] Successfully initialized EGL. Major : 1 Minor: 5
I0000 00:00:1758310865.543177   48732 gl_context.cc:369] GL version: 3.2 (OpenGL ES 3.2 NVIDIA 570.172.08), renderer: Tesla P100-PCIE-16GB/PCIe/SSE2
W0000 00:00:1758310865.545213   45384 face_landmarker_graph.cc:174] Sets FaceBlendshapesGraph acceleration to xnnpack by default.
W0000 00:00:1758310865.552626   48740 inference_feedback_manager.cc:114] Feedback manager requires a model with a single signature inference. Disabling support for feedback tensors.
W0000 00:00:1758310865.576189   48740 inference_feedback_manager.cc:114] Feedback manager requires a model with a single signature inference. Disabling support for feedback tensors.
I0000 00:00:1758310866.292873   45384 gl_context_egl.cc:85] Successfully initialized EGL. Major : 1 Minor: 5
I0000 00:00:1758310866.304581   48762 gl_context.cc:369] GL version: 3.2 (OpenGL ES 3.2 NVIDIA 570.172.08), renderer: Tesla P100-PCIE-16GB/PCIe/SSE2
W0000 00:00:1758310866.306985   45384 face_landmarker_graph.cc:174] Sets FaceBlendshapesGraph acceleration to xnnpack by default.
W0000 00:00:1758310866.313360   48770 inference_feedback_manager.cc:114] Feedback manager requires a model with a single signature inference. Disabling support for feedback tensors.
W0000 00:00:1758310866.336730   48770 inference_feedback_manager.cc:114] Feedback manager requires a model with a single signature inference. Disabling support for feedback tensors.
I0000 00:00:1758310866.875518   45384 gl_context_egl.cc:85] Successfully initialized EGL. Major : 1 Minor: 5
I0000 00:00:1758310866.887124   48792 gl_context.cc:369] GL version: 3.2 (OpenGL ES 3.2 NVIDIA 570.172.08), renderer: Tesla P100-PCIE-16GB/PCIe/SSE2
W0000 00:00:1758310866.889158   45384 face_landmarker_graph.cc:174] Sets FaceBlendshapesGraph acceleration to xnnpack by default.
W0000 00:00:1758310866.896650   48800 inference_feedback_manager.cc:114] Feedback manager requires a model with a single signature inference. Disabling support for feedback tensors.
W0000 00:00:1758310866.920305   48800 inference_feedback_manager.cc:114] Feedback manager requires a model with a single signature inference. Disabling support for feedback tensors.
I0000 00:00:1758310868.908562   45384 gl_context_egl.cc:85] Successfully initialized EGL. Major : 1 Minor: 5
I0000 00:00:1758310868.920320   48822 gl_context.cc:369] GL version: 3.2 (OpenGL ES 3.2 NVIDIA 570.172.08), renderer: Tesla P100-PCIE-16GB/PCIe/SSE2
W0000 00:00:1758310868.922414   45384 face_landmarker_graph.cc:174] Sets FaceBlendshapesGraph acceleration to xnnpack by default.
W0000 00:00:1758310868.929878   48830 inference_feedback_manager.cc:114] Feedback manager requires a model with a single signature inference. Disabling support for feedback tensors.
W0000 00:00:1758310868.953704   48830 inference_feedback_manager.cc:114] Feedback manager requires a model with a single signature inference. Disabling support for feedback tensors.
I0000 00:00:1758310869.993627   45384 gl_context_egl.cc:85] Successfully initialized EGL. Major : 1 Minor: 5
I0000 00:00:1758310870.005261   48852 gl_context.cc:369] GL version: 3.2 (OpenGL ES 3.2 NVIDIA 570.172.08), renderer: Tesla P100-PCIE-16GB/PCIe/SSE2
W0000 00:00:1758310870.009103   45384 face_landmarker_graph.cc:174] Sets FaceBlendshapesGraph acceleration to xnnpack by default.
W0000 00:00:1758310870.016546   48860 inference_feedback_manager.cc:114] Feedback manager requires a model with a single signature inference. Disabling support for feedback tensors.
W0000 00:00:1758310870.040240   48860 inference_feedback_manager.cc:114] Feedback manager requires a model with a single signature inference. Disabling support for feedback tensors.
I0000 00:00:1758310872.069559   45384 gl_context_egl.cc:85] Successfully initialized EGL. Major : 1 Minor: 5
I0000 00:00:1758310872.082147   48882 gl_context.cc:369] GL version: 3.2 (OpenGL ES 3.2 NVIDIA 570.172.08), renderer: Tesla P100-PCIE-16GB/PCIe/SSE2
W0000 00:00:1758310872.085679   45384 face_landmarker_graph.cc:174] Sets FaceBlendshapesGraph acceleration to xnnpack by default.
W0000 00:00:1758310872.091925   48890 inference_feedback_manager.cc:114] Feedback manager requires a model with a single signature inference. Disabling support for feedback tensors.
W0000 00:00:1758310872.115669   48890 inference_feedback_manager.cc:114] Feedback manager requires a model with a single signature inference. Disabling support for feedback tensors.
I0000 00:00:1758310873.182687   45384 gl_context_egl.cc:85] Successfully initialized EGL. Major : 1 Minor: 5
I0000 00:00:1758310873.194411   48912 gl_context.cc:369] GL version: 3.2 (OpenGL ES 3.2 NVIDIA 570.172.08), renderer: Tesla P100-PCIE-16GB/PCIe/SSE2
W0000 00:00:1758310873.196544   45384 face_landmarker_graph.cc:174] Sets FaceBlendshapesGraph acceleration to xnnpack by default.
W0000 00:00:1758310873.204025   48920 inference_feedback_manager.cc:114] Feedback manager requires a model with a single signature inference. Disabling support for feedback tensors.
W0000 00:00:1758310873.227691   48920 inference_feedback_manager.cc:114] Feedback manager requires a model with a single signature inference. Disabling support for feedback tensors.
I0000 00:00:1758310874.355701   45384 gl_context_egl.cc:85] Successfully initialized EGL. Major : 1 Minor: 5
I0000 00:00:1758310874.367612   48942 gl_context.cc:369] GL version: 3.2 (OpenGL ES 3.2 NVIDIA 570.172.08), renderer: Tesla P100-PCIE-16GB/PCIe/SSE2
W0000 00:00:1758310874.372144   45384 face_landmarker_graph.cc:174] Sets FaceBlendshapesGraph acceleration to xnnpack by default.
W0000 00:00:1758310874.379492   48950 inference_feedback_manager.cc:114] Feedback manager requires a model with a single signature inference. Disabling support for feedback tensors.
W0000 00:00:1758310874.403296   48950 inference_feedback_manager.cc:114] Feedback manager requires a model with a single signature inference. Disabling support for feedback tensors.
I0000 00:00:1758310874.907566   45384 gl_context_egl.cc:85] Successfully initialized EGL. Major : 1 Minor: 5
I0000 00:00:1758310874.919736   48972 gl_context.cc:369] GL version: 3.2 (OpenGL ES 3.2 NVIDIA 570.172.08), renderer: Tesla P100-PCIE-16GB/PCIe/SSE2
W0000 00:00:1758310874.923284   45384 face_landmarker_graph.cc:174] Sets FaceBlendshapesGraph acceleration to xnnpack by default.
W0000 00:00:1758310874.929581   48980 inference_feedback_manager.cc:114] Feedback manager requires a model with a single signature inference. Disabling support for feedback tensors.
W0000 00:00:1758310874.953071   48980 inference_feedback_manager.cc:114] Feedback manager requires a model with a single signature inference. Disabling support for feedback tensors.
I0000 00:00:1758310875.873299   45384 gl_context_egl.cc:85] Successfully initialized EGL. Major : 1 Minor: 5
I0000 00:00:1758310875.885110   49002 gl_context.cc:369] GL version: 3.2 (OpenGL ES 3.2 NVIDIA 570.172.08), renderer: Tesla P100-PCIE-16GB/PCIe/SSE2
W0000 00:00:1758310875.887456   45384 face_landmarker_graph.cc:174] Sets FaceBlendshapesGraph acceleration to xnnpack by default.
W0000 00:00:1758310875.893888   49010 inference_feedback_manager.cc:114] Feedback manager requires a model with a single signature inference. Disabling support for feedback tensors.
W0000 00:00:1758310875.917317   49010 inference_feedback_manager.cc:114] Feedback manager requires a model with a single signature inference. Disabling support for feedback tensors.
I0000 00:00:1758310876.489618   45384 gl_context_egl.cc:85] Successfully initialized EGL. Major : 1 Minor: 5
I0000 00:00:1758310876.501243   49032 gl_context.cc:369] GL version: 3.2 (OpenGL ES 3.2 NVIDIA 570.172.08), renderer: Tesla P100-PCIE-16GB/PCIe/SSE2
W0000 00:00:1758310876.503805   45384 face_landmarker_graph.cc:174] Sets FaceBlendshapesGraph acceleration to xnnpack by default.
W0000 00:00:1758310876.511208   49040 inference_feedback_manager.cc:114] Feedback manager requires a model with a single signature inference. Disabling support for feedback tensors.
W0000 00:00:1758310876.534852   49040 inference_feedback_manager.cc:114] Feedback manager requires a model with a single signature inference. Disabling support for feedback tensors.
I0000 00:00:1758310878.982826   45384 gl_context_egl.cc:85] Successfully initialized EGL. Major : 1 Minor: 5
I0000 00:00:1758310878.994690   49084 gl_context.cc:369] GL version: 3.2 (OpenGL ES 3.2 NVIDIA 570.172.08), renderer: Tesla P100-PCIE-16GB/PCIe/SSE2
W0000 00:00:1758310878.997354   45384 face_landmarker_graph.cc:174] Sets FaceBlendshapesGraph acceleration to xnnpack by default.
W0000 00:00:1758310879.003529   49092 inference_feedback_manager.cc:114] Feedback manager requires a model with a single signature inference. Disabling support for feedback tensors.
W0000 00:00:1758310879.027142   49092 inference_feedback_manager.cc:114] Feedback manager requires a model with a single signature inference. Disabling support for feedback tensors.
I0000 00:00:1758310879.845161   45384 gl_context_egl.cc:85] Successfully initialized EGL. Major : 1 Minor: 5
I0000 00:00:1758310879.856748   49114 gl_context.cc:369] GL version: 3.2 (OpenGL ES 3.2 NVIDIA 570.172.08), renderer: Tesla P100-PCIE-16GB/PCIe/SSE2
W0000 00:00:1758310879.858841   45384 face_landmarker_graph.cc:174] Sets FaceBlendshapesGraph acceleration to xnnpack by default.
W0000 00:00:1758310879.866211   49122 inference_feedback_manager.cc:114] Feedback manager requires a model with a single signature inference. Disabling support for feedback tensors.
W0000 00:00:1758310879.889858   49122 inference_feedback_manager.cc:114] Feedback manager requires a model with a single signature inference. Disabling support for feedback tensors.
I0000 00:00:1758310880.669021   45384 gl_context_egl.cc:85] Successfully initialized EGL. Major : 1 Minor: 5
I0000 00:00:1758310880.680767   49144 gl_context.cc:369] GL version: 3.2 (OpenGL ES 3.2 NVIDIA 570.172.08), renderer: Tesla P100-PCIE-16GB/PCIe/SSE2
W0000 00:00:1758310880.682697   45384 face_landmarker_graph.cc:174] Sets FaceBlendshapesGraph acceleration to xnnpack by default.
W0000 00:00:1758310880.688922   49152 inference_feedback_manager.cc:114] Feedback manager requires a model with a single signature inference. Disabling support for feedback tensors.
W0000 00:00:1758310880.712474   49152 inference_feedback_manager.cc:114] Feedback manager requires a model with a single signature inference. Disabling support for feedback tensors.
I0000 00:00:1758310882.691922   45384 gl_context_egl.cc:85] Successfully initialized EGL. Major : 1 Minor: 5
I0000 00:00:1758310882.703736   49174 gl_context.cc:369] GL version: 3.2 (OpenGL ES 3.2 NVIDIA 570.172.08), renderer: Tesla P100-PCIE-16GB/PCIe/SSE2
W0000 00:00:1758310882.705794   45384 face_landmarker_graph.cc:174] Sets FaceBlendshapesGraph acceleration to xnnpack by default.
W0000 00:00:1758310882.711992   49182 inference_feedback_manager.cc:114] Feedback manager requires a model with a single signature inference. Disabling support for feedback tensors.
W0000 00:00:1758310882.735235   49182 inference_feedback_manager.cc:114] Feedback manager requires a model with a single signature inference. Disabling support for feedback tensors.
I0000 00:00:1758310883.512802   45384 gl_context_egl.cc:85] Successfully initialized EGL. Major : 1 Minor: 5
I0000 00:00:1758310883.524820   49204 gl_context.cc:369] GL version: 3.2 (OpenGL ES 3.2 NVIDIA 570.172.08), renderer: Tesla P100-PCIE-16GB/PCIe/SSE2
W0000 00:00:1758310883.528883   45384 face_landmarker_graph.cc:174] Sets FaceBlendshapesGraph acceleration to xnnpack by default.
W0000 00:00:1758310883.535087   49212 inference_feedback_manager.cc:114] Feedback manager requires a model with a single signature inference. Disabling support for feedback tensors.
W0000 00:00:1758310883.558348   49212 inference_feedback_manager.cc:114] Feedback manager requires a model with a single signature inference. Disabling support for feedback tensors.
I0000 00:00:1758310884.580196   45384 gl_context_egl.cc:85] Successfully initialized EGL. Major : 1 Minor: 5
I0000 00:00:1758310884.591949   49234 gl_context.cc:369] GL version: 3.2 (OpenGL ES 3.2 NVIDIA 570.172.08), renderer: Tesla P100-PCIE-16GB/PCIe/SSE2
W0000 00:00:1758310884.594463   45384 face_landmarker_graph.cc:174] Sets FaceBlendshapesGraph acceleration to xnnpack by default.
W0000 00:00:1758310884.602755   49242 inference_feedback_manager.cc:114] Feedback manager requires a model with a single signature inference. Disabling support for feedback tensors.
W0000 00:00:1758310884.624198   49245 inference_feedback_manager.cc:114] Feedback manager requires a model with a single signature inference. Disabling support for feedback tensors.
I0000 00:00:1758310885.375451   45384 gl_context_egl.cc:85] Successfully initialized EGL. Major : 1 Minor: 5
I0000 00:00:1758310885.388049   49264 gl_context.cc:369] GL version: 3.2 (OpenGL ES 3.2 NVIDIA 570.172.08), renderer: Tesla P100-PCIE-16GB/PCIe/SSE2
W0000 00:00:1758310885.390216   45384 face_landmarker_graph.cc:174] Sets FaceBlendshapesGraph acceleration to xnnpack by default.
W0000 00:00:1758310885.396523   49272 inference_feedback_manager.cc:114] Feedback manager requires a model with a single signature inference. Disabling support for feedback tensors.
W0000 00:00:1758310885.419907   49272 inference_feedback_manager.cc:114] Feedback manager requires a model with a single signature inference. Disabling support for feedback tensors.
I0000 00:00:1758310886.445875   45384 gl_context_egl.cc:85] Successfully initialized EGL. Major : 1 Minor: 5
I0000 00:00:1758310886.457449   49294 gl_context.cc:369] GL version: 3.2 (OpenGL ES 3.2 NVIDIA 570.172.08), renderer: Tesla P100-PCIE-16GB/PCIe/SSE2
W0000 00:00:1758310886.459431   45384 face_landmarker_graph.cc:174] Sets FaceBlendshapesGraph acceleration to xnnpack by default.
W0000 00:00:1758310886.465803   49302 inference_feedback_manager.cc:114] Feedback manager requires a model with a single signature inference. Disabling support for feedback tensors.
W0000 00:00:1758310886.489424   49302 inference_feedback_manager.cc:114] Feedback manager requires a model with a single signature inference. Disabling support for feedback tensors.
I0000 00:00:1758310887.769713   45384 gl_context_egl.cc:85] Successfully initialized EGL. Major : 1 Minor: 5
I0000 00:00:1758310887.781818   49324 gl_context.cc:369] GL version: 3.2 (OpenGL ES 3.2 NVIDIA 570.172.08), renderer: Tesla P100-PCIE-16GB/PCIe/SSE2
W0000 00:00:1758310887.784687   45384 face_landmarker_graph.cc:174] Sets FaceBlendshapesGraph acceleration to xnnpack by default.
W0000 00:00:1758310887.791226   49332 inference_feedback_manager.cc:114] Feedback manager requires a model with a single signature inference. Disabling support for feedback tensors.
W0000 00:00:1758310887.814737   49332 inference_feedback_manager.cc:114] Feedback manager requires a model with a single signature inference. Disabling support for feedback tensors.
I0000 00:00:1758310888.875881   45384 gl_context_egl.cc:85] Successfully initialized EGL. Major : 1 Minor: 5
I0000 00:00:1758310888.887554   49354 gl_context.cc:369] GL version: 3.2 (OpenGL ES 3.2 NVIDIA 570.172.08), renderer: Tesla P100-PCIE-16GB/PCIe/SSE2
W0000 00:00:1758310888.889641   45384 face_landmarker_graph.cc:174] Sets FaceBlendshapesGraph acceleration to xnnpack by default.
W0000 00:00:1758310888.895866   49362 inference_feedback_manager.cc:114] Feedback manager requires a model with a single signature inference. Disabling support for feedback tensors.
W0000 00:00:1758310888.915050   49362 inference_feedback_manager.cc:114] Feedback manager requires a model with a single signature inference. Disabling support for feedback tensors.
I0000 00:00:1758310889.308841   45384 gl_context_egl.cc:85] Successfully initialized EGL. Major : 1 Minor: 5
I0000 00:00:1758310889.320568   49386 gl_context.cc:369] GL version: 3.2 (OpenGL ES 3.2 NVIDIA 570.172.08), renderer: Tesla P100-PCIE-16GB/PCIe/SSE2
W0000 00:00:1758310889.324703   45384 face_landmarker_graph.cc:174] Sets FaceBlendshapesGraph acceleration to xnnpack by default.
W0000 00:00:1758310889.334139   49394 inference_feedback_manager.cc:114] Feedback manager requires a model with a single signature inference. Disabling support for feedback tensors.
W0000 00:00:1758310889.356055   49396 inference_feedback_manager.cc:114] Feedback manager requires a model with a single signature inference. Disabling support for feedback tensors.
I0000 00:00:1758310890.408160   45384 gl_context_egl.cc:85] Successfully initialized EGL. Major : 1 Minor: 5
I0000 00:00:1758310890.419839   49416 gl_context.cc:369] GL version: 3.2 (OpenGL ES 3.2 NVIDIA 570.172.08), renderer: Tesla P100-PCIE-16GB/PCIe/SSE2
W0000 00:00:1758310890.422016   45384 face_landmarker_graph.cc:174] Sets FaceBlendshapesGraph acceleration to xnnpack by default.
W0000 00:00:1758310890.428318   49424 inference_feedback_manager.cc:114] Feedback manager requires a model with a single signature inference. Disabling support for feedback tensors.
W0000 00:00:1758310890.451815   49424 inference_feedback_manager.cc:114] Feedback manager requires a model with a single signature inference. Disabling support for feedback tensors.
I0000 00:00:1758310892.980413   45384 gl_context_egl.cc:85] Successfully initialized EGL. Major : 1 Minor: 5
I0000 00:00:1758310892.992230   49446 gl_context.cc:369] GL version: 3.2 (OpenGL ES 3.2 NVIDIA 570.172.08), renderer: Tesla P100-PCIE-16GB/PCIe/SSE2
W0000 00:00:1758310892.994437   45384 face_landmarker_graph.cc:174] Sets FaceBlendshapesGraph acceleration to xnnpack by default.
W0000 00:00:1758310893.002259   49454 inference_feedback_manager.cc:114] Feedback manager requires a model with a single signature inference. Disabling support for feedback tensors.
W0000 00:00:1758310893.025967   49457 inference_feedback_manager.cc:114] Feedback manager requires a model with a single signature inference. Disabling support for feedback tensors.
I0000 00:00:1758310893.874466   45384 gl_context_egl.cc:85] Successfully initialized EGL. Major : 1 Minor: 5
I0000 00:00:1758310893.886189   49476 gl_context.cc:369] GL version: 3.2 (OpenGL ES 3.2 NVIDIA 570.172.08), renderer: Tesla P100-PCIE-16GB/PCIe/SSE2
W0000 00:00:1758310893.888383   45384 face_landmarker_graph.cc:174] Sets FaceBlendshapesGraph acceleration to xnnpack by default.
W0000 00:00:1758310893.895835   49484 inference_feedback_manager.cc:114] Feedback manager requires a model with a single signature inference. Disabling support for feedback tensors.
W0000 00:00:1758310893.919423   49484 inference_feedback_manager.cc:114] Feedback manager requires a model with a single signature inference. Disabling support for feedback tensors.
I0000 00:00:1758310895.534131   45384 gl_context_egl.cc:85] Successfully initialized EGL. Major : 1 Minor: 5
I0000 00:00:1758310895.545797   49506 gl_context.cc:369] GL version: 3.2 (OpenGL ES 3.2 NVIDIA 570.172.08), renderer: Tesla P100-PCIE-16GB/PCIe/SSE2
W0000 00:00:1758310895.549007   45384 face_landmarker_graph.cc:174] Sets FaceBlendshapesGraph acceleration to xnnpack by default.
W0000 00:00:1758310895.556536   49514 inference_feedback_manager.cc:114] Feedback manager requires a model with a single signature inference. Disabling support for feedback tensors.
W0000 00:00:1758310895.580573   49514 inference_feedback_manager.cc:114] Feedback manager requires a model with a single signature inference. Disabling support for feedback tensors.
I0000 00:00:1758310896.213287   45384 gl_context_egl.cc:85] Successfully initialized EGL. Major : 1 Minor: 5
I0000 00:00:1758310896.224883   49536 gl_context.cc:369] GL version: 3.2 (OpenGL ES 3.2 NVIDIA 570.172.08), renderer: Tesla P100-PCIE-16GB/PCIe/SSE2
W0000 00:00:1758310896.227575   45384 face_landmarker_graph.cc:174] Sets FaceBlendshapesGraph acceleration to xnnpack by default.
W0000 00:00:1758310896.233779   49544 inference_feedback_manager.cc:114] Feedback manager requires a model with a single signature inference. Disabling support for feedback tensors.
W0000 00:00:1758310896.257371   49544 inference_feedback_manager.cc:114] Feedback manager requires a model with a single signature inference. Disabling support for feedback tensors.
I0000 00:00:1758310897.269750   45384 gl_context_egl.cc:85] Successfully initialized EGL. Major : 1 Minor: 5
I0000 00:00:1758310897.281417   49566 gl_context.cc:369] GL version: 3.2 (OpenGL ES 3.2 NVIDIA 570.172.08), renderer: Tesla P100-PCIE-16GB/PCIe/SSE2
W0000 00:00:1758310897.283702   45384 face_landmarker_graph.cc:174] Sets FaceBlendshapesGraph acceleration to xnnpack by default.
W0000 00:00:1758310897.289848   49574 inference_feedback_manager.cc:114] Feedback manager requires a model with a single signature inference. Disabling support for feedback tensors.
W0000 00:00:1758310897.313158   49574 inference_feedback_manager.cc:114] Feedback manager requires a model with a single signature inference. Disabling support for feedback tensors.
I0000 00:00:1758310898.433842   45384 gl_context_egl.cc:85] Successfully initialized EGL. Major : 1 Minor: 5
I0000 00:00:1758310898.446147   49605 gl_context.cc:369] GL version: 3.2 (OpenGL ES 3.2 NVIDIA 570.172.08), renderer: Tesla P100-PCIE-16GB/PCIe/SSE2
W0000 00:00:1758310898.448223   45384 face_landmarker_graph.cc:174] Sets FaceBlendshapesGraph acceleration to xnnpack by default.
W0000 00:00:1758310898.454444   49613 inference_feedback_manager.cc:114] Feedback manager requires a model with a single signature inference. Disabling support for feedback tensors.
W0000 00:00:1758310898.478328   49613 inference_feedback_manager.cc:114] Feedback manager requires a model with a single signature inference. Disabling support for feedback tensors.
I0000 00:00:1758310900.055265   45384 gl_context_egl.cc:85] Successfully initialized EGL. Major : 1 Minor: 5
I0000 00:00:1758310900.067263   49636 gl_context.cc:369] GL version: 3.2 (OpenGL ES 3.2 NVIDIA 570.172.08), renderer: Tesla P100-PCIE-16GB/PCIe/SSE2
W0000 00:00:1758310900.069900   45384 face_landmarker_graph.cc:174] Sets FaceBlendshapesGraph acceleration to xnnpack by default.
W0000 00:00:1758310900.076079   49644 inference_feedback_manager.cc:114] Feedback manager requires a model with a single signature inference. Disabling support for feedback tensors.
W0000 00:00:1758310900.088992   49644 inference_feedback_manager.cc:114] Feedback manager requires a model with a single signature inference. Disabling support for feedback tensors.
I0000 00:00:1758310900.772631   45384 gl_context_egl.cc:85] Successfully initialized EGL. Major : 1 Minor: 5
I0000 00:00:1758310900.784285   49666 gl_context.cc:369] GL version: 3.2 (OpenGL ES 3.2 NVIDIA 570.172.08), renderer: Tesla P100-PCIE-16GB/PCIe/SSE2
W0000 00:00:1758310900.787353   45384 face_landmarker_graph.cc:174] Sets FaceBlendshapesGraph acceleration to xnnpack by default.
W0000 00:00:1758310900.795217   49674 inference_feedback_manager.cc:114] Feedback manager requires a model with a single signature inference. Disabling support for feedback tensors.
W0000 00:00:1758310900.818969   49674 inference_feedback_manager.cc:114] Feedback manager requires a model with a single signature inference. Disabling support for feedback tensors.
I0000 00:00:1758310902.512066   45384 gl_context_egl.cc:85] Successfully initialized EGL. Major : 1 Minor: 5
I0000 00:00:1758310902.523822   49696 gl_context.cc:369] GL version: 3.2 (OpenGL ES 3.2 NVIDIA 570.172.08), renderer: Tesla P100-PCIE-16GB/PCIe/SSE2
W0000 00:00:1758310902.526266   45384 face_landmarker_graph.cc:174] Sets FaceBlendshapesGraph acceleration to xnnpack by default.
W0000 00:00:1758310902.533648   49704 inference_feedback_manager.cc:114] Feedback manager requires a model with a single signature inference. Disabling support for feedback tensors.
W0000 00:00:1758310902.557345   49704 inference_feedback_manager.cc:114] Feedback manager requires a model with a single signature inference. Disabling support for feedback tensors.
I0000 00:00:1758310904.346244   45384 gl_context_egl.cc:85] Successfully initialized EGL. Major : 1 Minor: 5
I0000 00:00:1758310904.357912   49726 gl_context.cc:369] GL version: 3.2 (OpenGL ES 3.2 NVIDIA 570.172.08), renderer: Tesla P100-PCIE-16GB/PCIe/SSE2
W0000 00:00:1758310904.360284   45384 face_landmarker_graph.cc:174] Sets FaceBlendshapesGraph acceleration to xnnpack by default.
W0000 00:00:1758310904.366518   49734 inference_feedback_manager.cc:114] Feedback manager requires a model with a single signature inference. Disabling support for feedback tensors.
W0000 00:00:1758310904.390069   49734 inference_feedback_manager.cc:114] Feedback manager requires a model with a single signature inference. Disabling support for feedback tensors.
I0000 00:00:1758310905.474179   45384 gl_context_egl.cc:85] Successfully initialized EGL. Major : 1 Minor: 5
I0000 00:00:1758310905.485933   49756 gl_context.cc:369] GL version: 3.2 (OpenGL ES 3.2 NVIDIA 570.172.08), renderer: Tesla P100-PCIE-16GB/PCIe/SSE2
W0000 00:00:1758310905.488184   45384 face_landmarker_graph.cc:174] Sets FaceBlendshapesGraph acceleration to xnnpack by default.
W0000 00:00:1758310905.495596   49764 inference_feedback_manager.cc:114] Feedback manager requires a model with a single signature inference. Disabling support for feedback tensors.
W0000 00:00:1758310905.519300   49764 inference_feedback_manager.cc:114] Feedback manager requires a model with a single signature inference. Disabling support for feedback tensors.
I0000 00:00:1758310906.234326   45384 gl_context_egl.cc:85] Successfully initialized EGL. Major : 1 Minor: 5
I0000 00:00:1758310906.246034   49786 gl_context.cc:369] GL version: 3.2 (OpenGL ES 3.2 NVIDIA 570.172.08), renderer: Tesla P100-PCIE-16GB/PCIe/SSE2
W0000 00:00:1758310906.248453   45384 face_landmarker_graph.cc:174] Sets FaceBlendshapesGraph acceleration to xnnpack by default.
W0000 00:00:1758310906.254676   49794 inference_feedback_manager.cc:114] Feedback manager requires a model with a single signature inference. Disabling support for feedback tensors.
W0000 00:00:1758310906.278006   49794 inference_feedback_manager.cc:114] Feedback manager requires a model with a single signature inference. Disabling support for feedback tensors.
I0000 00:00:1758310908.609770   45384 gl_context_egl.cc:85] Successfully initialized EGL. Major : 1 Minor: 5
I0000 00:00:1758310908.621513   49816 gl_context.cc:369] GL version: 3.2 (OpenGL ES 3.2 NVIDIA 570.172.08), renderer: Tesla P100-PCIE-16GB/PCIe/SSE2
W0000 00:00:1758310908.624172   45384 face_landmarker_graph.cc:174] Sets FaceBlendshapesGraph acceleration to xnnpack by default.
W0000 00:00:1758310908.631481   49824 inference_feedback_manager.cc:114] Feedback manager requires a model with a single signature inference. Disabling support for feedback tensors.
W0000 00:00:1758310908.655187   49824 inference_feedback_manager.cc:114] Feedback manager requires a model with a single signature inference. Disabling support for feedback tensors.
I0000 00:00:1758310909.433911   45384 gl_context_egl.cc:85] Successfully initialized EGL. Major : 1 Minor: 5
I0000 00:00:1758310909.445539   49846 gl_context.cc:369] GL version: 3.2 (OpenGL ES 3.2 NVIDIA 570.172.08), renderer: Tesla P100-PCIE-16GB/PCIe/SSE2
W0000 00:00:1758310909.448687   45384 face_landmarker_graph.cc:174] Sets FaceBlendshapesGraph acceleration to xnnpack by default.
W0000 00:00:1758310909.456101   49854 inference_feedback_manager.cc:114] Feedback manager requires a model with a single signature inference. Disabling support for feedback tensors.
W0000 00:00:1758310909.479892   49854 inference_feedback_manager.cc:114] Feedback manager requires a model with a single signature inference. Disabling support for feedback tensors.
I0000 00:00:1758310910.026412   45384 gl_context_egl.cc:85] Successfully initialized EGL. Major : 1 Minor: 5
I0000 00:00:1758310910.038819   49876 gl_context.cc:369] GL version: 3.2 (OpenGL ES 3.2 NVIDIA 570.172.08), renderer: Tesla P100-PCIE-16GB/PCIe/SSE2
W0000 00:00:1758310910.041048   45384 face_landmarker_graph.cc:174] Sets FaceBlendshapesGraph acceleration to xnnpack by default.
W0000 00:00:1758310910.048468   49884 inference_feedback_manager.cc:114] Feedback manager requires a model with a single signature inference. Disabling support for feedback tensors.
W0000 00:00:1758310910.071829   49884 inference_feedback_manager.cc:114] Feedback manager requires a model with a single signature inference. Disabling support for feedback tensors.
I0000 00:00:1758310911.578089   45384 gl_context_egl.cc:85] Successfully initialized EGL. Major : 1 Minor: 5
I0000 00:00:1758310911.589833   49906 gl_context.cc:369] GL version: 3.2 (OpenGL ES 3.2 NVIDIA 570.172.08), renderer: Tesla P100-PCIE-16GB/PCIe/SSE2
W0000 00:00:1758310911.593940   45384 face_landmarker_graph.cc:174] Sets FaceBlendshapesGraph acceleration to xnnpack by default.
W0000 00:00:1758310911.600211   49914 inference_feedback_manager.cc:114] Feedback manager requires a model with a single signature inference. Disabling support for feedback tensors.
W0000 00:00:1758310911.623800   49914 inference_feedback_manager.cc:114] Feedback manager requires a model with a single signature inference. Disabling support for feedback tensors.
I0000 00:00:1758310912.337298   45384 gl_context_egl.cc:85] Successfully initialized EGL. Major : 1 Minor: 5
I0000 00:00:1758310912.349076   49936 gl_context.cc:369] GL version: 3.2 (OpenGL ES 3.2 NVIDIA 570.172.08), renderer: Tesla P100-PCIE-16GB/PCIe/SSE2
W0000 00:00:1758310912.352075   45384 face_landmarker_graph.cc:174] Sets FaceBlendshapesGraph acceleration to xnnpack by default.
W0000 00:00:1758310912.359483   49944 inference_feedback_manager.cc:114] Feedback manager requires a model with a single signature inference. Disabling support for feedback tensors.
W0000 00:00:1758310912.383206   49944 inference_feedback_manager.cc:114] Feedback manager requires a model with a single signature inference. Disabling support for feedback tensors.
I0000 00:00:1758310913.364887   45384 gl_context_egl.cc:85] Successfully initialized EGL. Major : 1 Minor: 5
I0000 00:00:1758310913.376624   49966 gl_context.cc:369] GL version: 3.2 (OpenGL ES 3.2 NVIDIA 570.172.08), renderer: Tesla P100-PCIE-16GB/PCIe/SSE2
W0000 00:00:1758310913.379044   45384 face_landmarker_graph.cc:174] Sets FaceBlendshapesGraph acceleration to xnnpack by default.
W0000 00:00:1758310913.385327   49974 inference_feedback_manager.cc:114] Feedback manager requires a model with a single signature inference. Disabling support for feedback tensors.
W0000 00:00:1758310913.409072   49974 inference_feedback_manager.cc:114] Feedback manager requires a model with a single signature inference. Disabling support for feedback tensors.
I0000 00:00:1758310914.699810   45384 gl_context_egl.cc:85] Successfully initialized EGL. Major : 1 Minor: 5
I0000 00:00:1758310914.711563   49996 gl_context.cc:369] GL version: 3.2 (OpenGL ES 3.2 NVIDIA 570.172.08), renderer: Tesla P100-PCIE-16GB/PCIe/SSE2
W0000 00:00:1758310914.713702   45384 face_landmarker_graph.cc:174] Sets FaceBlendshapesGraph acceleration to xnnpack by default.
W0000 00:00:1758310914.720969   50004 inference_feedback_manager.cc:114] Feedback manager requires a model with a single signature inference. Disabling support for feedback tensors.
W0000 00:00:1758310914.744727   50004 inference_feedback_manager.cc:114] Feedback manager requires a model with a single signature inference. Disabling support for feedback tensors.
I0000 00:00:1758310916.514848   45384 gl_context_egl.cc:85] Successfully initialized EGL. Major : 1 Minor: 5
I0000 00:00:1758310916.526456   50026 gl_context.cc:369] GL version: 3.2 (OpenGL ES 3.2 NVIDIA 570.172.08), renderer: Tesla P100-PCIE-16GB/PCIe/SSE2
W0000 00:00:1758310916.530409   45384 face_landmarker_graph.cc:174] Sets FaceBlendshapesGraph acceleration to xnnpack by default.
W0000 00:00:1758310916.537782   50034 inference_feedback_manager.cc:114] Feedback manager requires a model with a single signature inference. Disabling support for feedback tensors.
W0000 00:00:1758310916.561475   50034 inference_feedback_manager.cc:114] Feedback manager requires a model with a single signature inference. Disabling support for feedback tensors.
I0000 00:00:1758310917.646998   45384 gl_context_egl.cc:85] Successfully initialized EGL. Major : 1 Minor: 5
I0000 00:00:1758310917.658754   50056 gl_context.cc:369] GL version: 3.2 (OpenGL ES 3.2 NVIDIA 570.172.08), renderer: Tesla P100-PCIE-16GB/PCIe/SSE2
W0000 00:00:1758310917.661010   45384 face_landmarker_graph.cc:174] Sets FaceBlendshapesGraph acceleration to xnnpack by default.
W0000 00:00:1758310917.667197   50064 inference_feedback_manager.cc:114] Feedback manager requires a model with a single signature inference. Disabling support for feedback tensors.
W0000 00:00:1758310917.690426   50064 inference_feedback_manager.cc:114] Feedback manager requires a model with a single signature inference. Disabling support for feedback tensors.
I0000 00:00:1758310918.846695   45384 gl_context_egl.cc:85] Successfully initialized EGL. Major : 1 Minor: 5
I0000 00:00:1758310918.858370   50086 gl_context.cc:369] GL version: 3.2 (OpenGL ES 3.2 NVIDIA 570.172.08), renderer: Tesla P100-PCIE-16GB/PCIe/SSE2
W0000 00:00:1758310918.861115   45384 face_landmarker_graph.cc:174] Sets FaceBlendshapesGraph acceleration to xnnpack by default.
W0000 00:00:1758310918.867641   50094 inference_feedback_manager.cc:114] Feedback manager requires a model with a single signature inference. Disabling support for feedback tensors.
W0000 00:00:1758310918.889022   50097 inference_feedback_manager.cc:114] Feedback manager requires a model with a single signature inference. Disabling support for feedback tensors.
I0000 00:00:1758310920.855049   45384 gl_context_egl.cc:85] Successfully initialized EGL. Major : 1 Minor: 5
I0000 00:00:1758310920.866781   50116 gl_context.cc:369] GL version: 3.2 (OpenGL ES 3.2 NVIDIA 570.172.08), renderer: Tesla P100-PCIE-16GB/PCIe/SSE2
W0000 00:00:1758310920.868917   45384 face_landmarker_graph.cc:174] Sets FaceBlendshapesGraph acceleration to xnnpack by default.
W0000 00:00:1758310920.876372   50124 inference_feedback_manager.cc:114] Feedback manager requires a model with a single signature inference. Disabling support for feedback tensors.
W0000 00:00:1758310920.900356   50124 inference_feedback_manager.cc:114] Feedback manager requires a model with a single signature inference. Disabling support for feedback tensors.
I0000 00:00:1758310921.493905   45384 gl_context_egl.cc:85] Successfully initialized EGL. Major : 1 Minor: 5
I0000 00:00:1758310921.505603   50146 gl_context.cc:369] GL version: 3.2 (OpenGL ES 3.2 NVIDIA 570.172.08), renderer: Tesla P100-PCIE-16GB/PCIe/SSE2
W0000 00:00:1758310921.509173   45384 face_landmarker_graph.cc:174] Sets FaceBlendshapesGraph acceleration to xnnpack by default.
W0000 00:00:1758310921.516674   50154 inference_feedback_manager.cc:114] Feedback manager requires a model with a single signature inference. Disabling support for feedback tensors.
W0000 00:00:1758310921.540320   50154 inference_feedback_manager.cc:114] Feedback manager requires a model with a single signature inference. Disabling support for feedback tensors.
I0000 00:00:1758310923.340599   45384 gl_context_egl.cc:85] Successfully initialized EGL. Major : 1 Minor: 5
I0000 00:00:1758310923.353394   50290 gl_context.cc:369] GL version: 3.2 (OpenGL ES 3.2 NVIDIA 570.172.08), renderer: Tesla P100-PCIE-16GB/PCIe/SSE2
W0000 00:00:1758310923.356564   45384 face_landmarker_graph.cc:174] Sets FaceBlendshapesGraph acceleration to xnnpack by default.
W0000 00:00:1758310923.364267   50298 inference_feedback_manager.cc:114] Feedback manager requires a model with a single signature inference. Disabling support for feedback tensors.
W0000 00:00:1758310923.386571   50301 inference_feedback_manager.cc:114] Feedback manager requires a model with a single signature inference. Disabling support for feedback tensors.
I0000 00:00:1758310924.163211   45384 gl_context_egl.cc:85] Successfully initialized EGL. Major : 1 Minor: 5
I0000 00:00:1758310924.174886   50320 gl_context.cc:369] GL version: 3.2 (OpenGL ES 3.2 NVIDIA 570.172.08), renderer: Tesla P100-PCIE-16GB/PCIe/SSE2
W0000 00:00:1758310924.176832   45384 face_landmarker_graph.cc:174] Sets FaceBlendshapesGraph acceleration to xnnpack by default.
W0000 00:00:1758310924.183703   50328 inference_feedback_manager.cc:114] Feedback manager requires a model with a single signature inference. Disabling support for feedback tensors.
W0000 00:00:1758310924.205561   50328 inference_feedback_manager.cc:114] Feedback manager requires a model with a single signature inference. Disabling support for feedback tensors.
I0000 00:00:1758310925.038654   45384 gl_context_egl.cc:85] Successfully initialized EGL. Major : 1 Minor: 5
I0000 00:00:1758310925.050429   50350 gl_context.cc:369] GL version: 3.2 (OpenGL ES 3.2 NVIDIA 570.172.08), renderer: Tesla P100-PCIE-16GB/PCIe/SSE2
W0000 00:00:1758310925.052450   45384 face_landmarker_graph.cc:174] Sets FaceBlendshapesGraph acceleration to xnnpack by default.
W0000 00:00:1758310925.058782   50358 inference_feedback_manager.cc:114] Feedback manager requires a model with a single signature inference. Disabling support for feedback tensors.
W0000 00:00:1758310925.082366   50358 inference_feedback_manager.cc:114] Feedback manager requires a model with a single signature inference. Disabling support for feedback tensors.
I0000 00:00:1758310927.461383   45384 gl_context_egl.cc:85] Successfully initialized EGL. Major : 1 Minor: 5
I0000 00:00:1758310927.473236   50381 gl_context.cc:369] GL version: 3.2 (OpenGL ES 3.2 NVIDIA 570.172.08), renderer: Tesla P100-PCIE-16GB/PCIe/SSE2
W0000 00:00:1758310927.475754   45384 face_landmarker_graph.cc:174] Sets FaceBlendshapesGraph acceleration to xnnpack by default.
W0000 00:00:1758310927.483992   50389 inference_feedback_manager.cc:114] Feedback manager requires a model with a single signature inference. Disabling support for feedback tensors.
W0000 00:00:1758310927.506915   50392 inference_feedback_manager.cc:114] Feedback manager requires a model with a single signature inference. Disabling support for feedback tensors.
I0000 00:00:1758310928.832961   45384 gl_context_egl.cc:85] Successfully initialized EGL. Major : 1 Minor: 5
I0000 00:00:1758310928.844754   50411 gl_context.cc:369] GL version: 3.2 (OpenGL ES 3.2 NVIDIA 570.172.08), renderer: Tesla P100-PCIE-16GB/PCIe/SSE2
W0000 00:00:1758310928.847846   45384 face_landmarker_graph.cc:174] Sets FaceBlendshapesGraph acceleration to xnnpack by default.
W0000 00:00:1758310928.855625   50419 inference_feedback_manager.cc:114] Feedback manager requires a model with a single signature inference. Disabling support for feedback tensors.
W0000 00:00:1758310928.877404   50422 inference_feedback_manager.cc:114] Feedback manager requires a model with a single signature inference. Disabling support for feedback tensors.
I0000 00:00:1758310930.516764   45384 gl_context_egl.cc:85] Successfully initialized EGL. Major : 1 Minor: 5
I0000 00:00:1758310930.528596   50441 gl_context.cc:369] GL version: 3.2 (OpenGL ES 3.2 NVIDIA 570.172.08), renderer: Tesla P100-PCIE-16GB/PCIe/SSE2
W0000 00:00:1758310930.532304   45384 face_landmarker_graph.cc:174] Sets FaceBlendshapesGraph acceleration to xnnpack by default.
W0000 00:00:1758310930.540079   50449 inference_feedback_manager.cc:114] Feedback manager requires a model with a single signature inference. Disabling support for feedback tensors.
W0000 00:00:1758310930.563907   50449 inference_feedback_manager.cc:114] Feedback manager requires a model with a single signature inference. Disabling support for feedback tensors.
I0000 00:00:1758310931.567990   45384 gl_context_egl.cc:85] Successfully initialized EGL. Major : 1 Minor: 5
I0000 00:00:1758310931.579959   50471 gl_context.cc:369] GL version: 3.2 (OpenGL ES 3.2 NVIDIA 570.172.08), renderer: Tesla P100-PCIE-16GB/PCIe/SSE2
W0000 00:00:1758310931.582074   45384 face_landmarker_graph.cc:174] Sets FaceBlendshapesGraph acceleration to xnnpack by default.
W0000 00:00:1758310931.588351   50479 inference_feedback_manager.cc:114] Feedback manager requires a model with a single signature inference. Disabling support for feedback tensors.
W0000 00:00:1758310931.611713   50479 inference_feedback_manager.cc:114] Feedback manager requires a model with a single signature inference. Disabling support for feedback tensors.
I0000 00:00:1758310933.326832   45384 gl_context_egl.cc:85] Successfully initialized EGL. Major : 1 Minor: 5
I0000 00:00:1758310933.338599   50501 gl_context.cc:369] GL version: 3.2 (OpenGL ES 3.2 NVIDIA 570.172.08), renderer: Tesla P100-PCIE-16GB/PCIe/SSE2
W0000 00:00:1758310933.341642   45384 face_landmarker_graph.cc:174] Sets FaceBlendshapesGraph acceleration to xnnpack by default.
W0000 00:00:1758310933.347882   50509 inference_feedback_manager.cc:114] Feedback manager requires a model with a single signature inference. Disabling support for feedback tensors.
W0000 00:00:1758310933.371229   50509 inference_feedback_manager.cc:114] Feedback manager requires a model with a single signature inference. Disabling support for feedback tensors.
I0000 00:00:1758310934.037553   45384 gl_context_egl.cc:85] Successfully initialized EGL. Major : 1 Minor: 5
I0000 00:00:1758310934.049355   50531 gl_context.cc:369] GL version: 3.2 (OpenGL ES 3.2 NVIDIA 570.172.08), renderer: Tesla P100-PCIE-16GB/PCIe/SSE2
W0000 00:00:1758310934.051625   45384 face_landmarker_graph.cc:174] Sets FaceBlendshapesGraph acceleration to xnnpack by default.
W0000 00:00:1758310934.057907   50539 inference_feedback_manager.cc:114] Feedback manager requires a model with a single signature inference. Disabling support for feedback tensors.
W0000 00:00:1758310934.081354   50539 inference_feedback_manager.cc:114] Feedback manager requires a model with a single signature inference. Disabling support for feedback tensors.
I0000 00:00:1758310934.713970   45384 gl_context_egl.cc:85] Successfully initialized EGL. Major : 1 Minor: 5
I0000 00:00:1758310934.725670   50561 gl_context.cc:369] GL version: 3.2 (OpenGL ES 3.2 NVIDIA 570.172.08), renderer: Tesla P100-PCIE-16GB/PCIe/SSE2
W0000 00:00:1758310934.727848   45384 face_landmarker_graph.cc:174] Sets FaceBlendshapesGraph acceleration to xnnpack by default.
W0000 00:00:1758310934.736070   50569 inference_feedback_manager.cc:114] Feedback manager requires a model with a single signature inference. Disabling support for feedback tensors.
W0000 00:00:1758310934.759105   50572 inference_feedback_manager.cc:114] Feedback manager requires a model with a single signature inference. Disabling support for feedback tensors.
I0000 00:00:1758310935.267382   45384 gl_context_egl.cc:85] Successfully initialized EGL. Major : 1 Minor: 5
I0000 00:00:1758310935.279963   50591 gl_context.cc:369] GL version: 3.2 (OpenGL ES 3.2 NVIDIA 570.172.08), renderer: Tesla P100-PCIE-16GB/PCIe/SSE2
W0000 00:00:1758310935.281975   45384 face_landmarker_graph.cc:174] Sets FaceBlendshapesGraph acceleration to xnnpack by default.
W0000 00:00:1758310935.288206   50599 inference_feedback_manager.cc:114] Feedback manager requires a model with a single signature inference. Disabling support for feedback tensors.
W0000 00:00:1758310935.311680   50599 inference_feedback_manager.cc:114] Feedback manager requires a model with a single signature inference. Disabling support for feedback tensors.
I0000 00:00:1758310937.057862   45384 gl_context_egl.cc:85] Successfully initialized EGL. Major : 1 Minor: 5
I0000 00:00:1758310937.069603   50621 gl_context.cc:369] GL version: 3.2 (OpenGL ES 3.2 NVIDIA 570.172.08), renderer: Tesla P100-PCIE-16GB/PCIe/SSE2
W0000 00:00:1758310937.071924   45384 face_landmarker_graph.cc:174] Sets FaceBlendshapesGraph acceleration to xnnpack by default.
W0000 00:00:1758310937.079988   50629 inference_feedback_manager.cc:114] Feedback manager requires a model with a single signature inference. Disabling support for feedback tensors.
W0000 00:00:1758310937.103715   50629 inference_feedback_manager.cc:114] Feedback manager requires a model with a single signature inference. Disabling support for feedback tensors.
I0000 00:00:1758310937.835661   45384 gl_context_egl.cc:85] Successfully initialized EGL. Major : 1 Minor: 5
I0000 00:00:1758310937.847442   50750 gl_context.cc:369] GL version: 3.2 (OpenGL ES 3.2 NVIDIA 570.172.08), renderer: Tesla P100-PCIE-16GB/PCIe/SSE2
W0000 00:00:1758310937.851559   45384 face_landmarker_graph.cc:174] Sets FaceBlendshapesGraph acceleration to xnnpack by default.
W0000 00:00:1758310937.857885   50764 inference_feedback_manager.cc:114] Feedback manager requires a model with a single signature inference. Disabling support for feedback tensors.
W0000 00:00:1758310937.870831   50764 inference_feedback_manager.cc:114] Feedback manager requires a model with a single signature inference. Disabling support for feedback tensors.
I0000 00:00:1758310938.765175   45384 gl_context_egl.cc:85] Successfully initialized EGL. Major : 1 Minor: 5
I0000 00:00:1758310938.777052   50935 gl_context.cc:369] GL version: 3.2 (OpenGL ES 3.2 NVIDIA 570.172.08), renderer: Tesla P100-PCIE-16GB/PCIe/SSE2
W0000 00:00:1758310938.779158   45384 face_landmarker_graph.cc:174] Sets FaceBlendshapesGraph acceleration to xnnpack by default.
W0000 00:00:1758310938.785596   50943 inference_feedback_manager.cc:114] Feedback manager requires a model with a single signature inference. Disabling support for feedback tensors.
W0000 00:00:1758310938.808888   50943 inference_feedback_manager.cc:114] Feedback manager requires a model with a single signature inference. Disabling support for feedback tensors.
I0000 00:00:1758310940.665481   45384 gl_context_egl.cc:85] Successfully initialized EGL. Major : 1 Minor: 5
I0000 00:00:1758310940.677217   50965 gl_context.cc:369] GL version: 3.2 (OpenGL ES 3.2 NVIDIA 570.172.08), renderer: Tesla P100-PCIE-16GB/PCIe/SSE2
W0000 00:00:1758310940.679412   45384 face_landmarker_graph.cc:174] Sets FaceBlendshapesGraph acceleration to xnnpack by default.
W0000 00:00:1758310940.687190   50973 inference_feedback_manager.cc:114] Feedback manager requires a model with a single signature inference. Disabling support for feedback tensors.
W0000 00:00:1758310940.710984   50973 inference_feedback_manager.cc:114] Feedback manager requires a model with a single signature inference. Disabling support for feedback tensors.
I0000 00:00:1758310941.925582   45384 gl_context_egl.cc:85] Successfully initialized EGL. Major : 1 Minor: 5
I0000 00:00:1758310941.937355   50995 gl_context.cc:369] GL version: 3.2 (OpenGL ES 3.2 NVIDIA 570.172.08), renderer: Tesla P100-PCIE-16GB/PCIe/SSE2
W0000 00:00:1758310941.942530   45384 face_landmarker_graph.cc:174] Sets FaceBlendshapesGraph acceleration to xnnpack by default.
W0000 00:00:1758310941.949989   51003 inference_feedback_manager.cc:114] Feedback manager requires a model with a single signature inference. Disabling support for feedback tensors.
W0000 00:00:1758310941.973914   51003 inference_feedback_manager.cc:114] Feedback manager requires a model with a single signature inference. Disabling support for feedback tensors.
I0000 00:00:1758310943.099112   45384 gl_context_egl.cc:85] Successfully initialized EGL. Major : 1 Minor: 5
I0000 00:00:1758310943.110875   51025 gl_context.cc:369] GL version: 3.2 (OpenGL ES 3.2 NVIDIA 570.172.08), renderer: Tesla P100-PCIE-16GB/PCIe/SSE2
W0000 00:00:1758310943.115936   45384 face_landmarker_graph.cc:174] Sets FaceBlendshapesGraph acceleration to xnnpack by default.
W0000 00:00:1758310943.123345   51033 inference_feedback_manager.cc:114] Feedback manager requires a model with a single signature inference. Disabling support for feedback tensors.
W0000 00:00:1758310943.146971   51033 inference_feedback_manager.cc:114] Feedback manager requires a model with a single signature inference. Disabling support for feedback tensors.
I0000 00:00:1758310943.956085   45384 gl_context_egl.cc:85] Successfully initialized EGL. Major : 1 Minor: 5
I0000 00:00:1758310943.967728   51055 gl_context.cc:369] GL version: 3.2 (OpenGL ES 3.2 NVIDIA 570.172.08), renderer: Tesla P100-PCIE-16GB/PCIe/SSE2
W0000 00:00:1758310943.971252   45384 face_landmarker_graph.cc:174] Sets FaceBlendshapesGraph acceleration to xnnpack by default.
W0000 00:00:1758310943.978625   51063 inference_feedback_manager.cc:114] Feedback manager requires a model with a single signature inference. Disabling support for feedback tensors.
W0000 00:00:1758310944.002271   51063 inference_feedback_manager.cc:114] Feedback manager requires a model with a single signature inference. Disabling support for feedback tensors.
I0000 00:00:1758310945.797027   45384 gl_context_egl.cc:85] Successfully initialized EGL. Major : 1 Minor: 5
I0000 00:00:1758310945.810219   51091 gl_context.cc:369] GL version: 3.2 (OpenGL ES 3.2 NVIDIA 570.172.08), renderer: Tesla P100-PCIE-16GB/PCIe/SSE2
W0000 00:00:1758310945.812624   45384 face_landmarker_graph.cc:174] Sets FaceBlendshapesGraph acceleration to xnnpack by default.
W0000 00:00:1758310945.819819   51099 inference_feedback_manager.cc:114] Feedback manager requires a model with a single signature inference. Disabling support for feedback tensors.
W0000 00:00:1758310945.845276   51099 inference_feedback_manager.cc:114] Feedback manager requires a model with a single signature inference. Disabling support for feedback tensors.
I0000 00:00:1758310946.432524   45384 gl_context_egl.cc:85] Successfully initialized EGL. Major : 1 Minor: 5
I0000 00:00:1758310946.444808   51121 gl_context.cc:369] GL version: 3.2 (OpenGL ES 3.2 NVIDIA 570.172.08), renderer: Tesla P100-PCIE-16GB/PCIe/SSE2
W0000 00:00:1758310946.446813   45384 face_landmarker_graph.cc:174] Sets FaceBlendshapesGraph acceleration to xnnpack by default.
W0000 00:00:1758310946.454608   51129 inference_feedback_manager.cc:114] Feedback manager requires a model with a single signature inference. Disabling support for feedback tensors.
W0000 00:00:1758310946.476466   51132 inference_feedback_manager.cc:114] Feedback manager requires a model with a single signature inference. Disabling support for feedback tensors.
I0000 00:00:1758310948.366700   45384 gl_context_egl.cc:85] Successfully initialized EGL. Major : 1 Minor: 5
I0000 00:00:1758310948.379366   51155 gl_context.cc:369] GL version: 3.2 (OpenGL ES 3.2 NVIDIA 570.172.08), renderer: Tesla P100-PCIE-16GB/PCIe/SSE2
W0000 00:00:1758310948.381891   45384 face_landmarker_graph.cc:174] Sets FaceBlendshapesGraph acceleration to xnnpack by default.
W0000 00:00:1758310948.388264   51163 inference_feedback_manager.cc:114] Feedback manager requires a model with a single signature inference. Disabling support for feedback tensors.
W0000 00:00:1758310948.411874   51163 inference_feedback_manager.cc:114] Feedback manager requires a model with a single signature inference. Disabling support for feedback tensors.
I0000 00:00:1758310948.893283   45384 gl_context_egl.cc:85] Successfully initialized EGL. Major : 1 Minor: 5
I0000 00:00:1758310948.905390   51185 gl_context.cc:369] GL version: 3.2 (OpenGL ES 3.2 NVIDIA 570.172.08), renderer: Tesla P100-PCIE-16GB/PCIe/SSE2
W0000 00:00:1758310948.908425   45384 face_landmarker_graph.cc:174] Sets FaceBlendshapesGraph acceleration to xnnpack by default.
W0000 00:00:1758310948.916295   51193 inference_feedback_manager.cc:114] Feedback manager requires a model with a single signature inference. Disabling support for feedback tensors.
W0000 00:00:1758310948.939805   51196 inference_feedback_manager.cc:114] Feedback manager requires a model with a single signature inference. Disabling support for feedback tensors.
I0000 00:00:1758310949.493118   45384 gl_context_egl.cc:85] Successfully initialized EGL. Major : 1 Minor: 5
I0000 00:00:1758310949.505003   51217 gl_context.cc:369] GL version: 3.2 (OpenGL ES 3.2 NVIDIA 570.172.08), renderer: Tesla P100-PCIE-16GB/PCIe/SSE2
W0000 00:00:1758310949.507579   45384 face_landmarker_graph.cc:174] Sets FaceBlendshapesGraph acceleration to xnnpack by default.
W0000 00:00:1758310949.516832   51225 inference_feedback_manager.cc:114] Feedback manager requires a model with a single signature inference. Disabling support for feedback tensors.
W0000 00:00:1758310949.540660   51225 inference_feedback_manager.cc:114] Feedback manager requires a model with a single signature inference. Disabling support for feedback tensors.
I0000 00:00:1758310950.895812   45384 gl_context_egl.cc:85] Successfully initialized EGL. Major : 1 Minor: 5
I0000 00:00:1758310950.907470   51247 gl_context.cc:369] GL version: 3.2 (OpenGL ES 3.2 NVIDIA 570.172.08), renderer: Tesla P100-PCIE-16GB/PCIe/SSE2
W0000 00:00:1758310950.909634   45384 face_landmarker_graph.cc:174] Sets FaceBlendshapesGraph acceleration to xnnpack by default.
W0000 00:00:1758310950.915862   51255 inference_feedback_manager.cc:114] Feedback manager requires a model with a single signature inference. Disabling support for feedback tensors.
W0000 00:00:1758310950.939349   51255 inference_feedback_manager.cc:114] Feedback manager requires a model with a single signature inference. Disabling support for feedback tensors.
I0000 00:00:1758310951.764215   45384 gl_context_egl.cc:85] Successfully initialized EGL. Major : 1 Minor: 5
I0000 00:00:1758310951.775945   51277 gl_context.cc:369] GL version: 3.2 (OpenGL ES 3.2 NVIDIA 570.172.08), renderer: Tesla P100-PCIE-16GB/PCIe/SSE2
W0000 00:00:1758310951.779995   45384 face_landmarker_graph.cc:174] Sets FaceBlendshapesGraph acceleration to xnnpack by default.
W0000 00:00:1758310951.786268   51285 inference_feedback_manager.cc:114] Feedback manager requires a model with a single signature inference. Disabling support for feedback tensors.
W0000 00:00:1758310951.799254   51285 inference_feedback_manager.cc:114] Feedback manager requires a model with a single signature inference. Disabling support for feedback tensors.
I0000 00:00:1758310953.684125   45384 gl_context_egl.cc:85] Successfully initialized EGL. Major : 1 Minor: 5
I0000 00:00:1758310953.696007   51308 gl_context.cc:369] GL version: 3.2 (OpenGL ES 3.2 NVIDIA 570.172.08), renderer: Tesla P100-PCIE-16GB/PCIe/SSE2
W0000 00:00:1758310953.698453   45384 face_landmarker_graph.cc:174] Sets FaceBlendshapesGraph acceleration to xnnpack by default.
W0000 00:00:1758310953.705792   51316 inference_feedback_manager.cc:114] Feedback manager requires a model with a single signature inference. Disabling support for feedback tensors.
W0000 00:00:1758310953.729471   51316 inference_feedback_manager.cc:114] Feedback manager requires a model with a single signature inference. Disabling support for feedback tensors.
I0000 00:00:1758310956.427646   45384 gl_context_egl.cc:85] Successfully initialized EGL. Major : 1 Minor: 5
I0000 00:00:1758310956.439283   51338 gl_context.cc:369] GL version: 3.2 (OpenGL ES 3.2 NVIDIA 570.172.08), renderer: Tesla P100-PCIE-16GB/PCIe/SSE2
W0000 00:00:1758310956.441626   45384 face_landmarker_graph.cc:174] Sets FaceBlendshapesGraph acceleration to xnnpack by default.
W0000 00:00:1758310956.447942   51346 inference_feedback_manager.cc:114] Feedback manager requires a model with a single signature inference. Disabling support for feedback tensors.
W0000 00:00:1758310956.471641   51346 inference_feedback_manager.cc:114] Feedback manager requires a model with a single signature inference. Disabling support for feedback tensors.
I0000 00:00:1758310958.301471   45384 gl_context_egl.cc:85] Successfully initialized EGL. Major : 1 Minor: 5
I0000 00:00:1758310958.313465   51368 gl_context.cc:369] GL version: 3.2 (OpenGL ES 3.2 NVIDIA 570.172.08), renderer: Tesla P100-PCIE-16GB/PCIe/SSE2
W0000 00:00:1758310958.316148   45384 face_landmarker_graph.cc:174] Sets FaceBlendshapesGraph acceleration to xnnpack by default.
W0000 00:00:1758310958.322807   51376 inference_feedback_manager.cc:114] Feedback manager requires a model with a single signature inference. Disabling support for feedback tensors.
W0000 00:00:1758310958.346405   51376 inference_feedback_manager.cc:114] Feedback manager requires a model with a single signature inference. Disabling support for feedback tensors.
I0000 00:00:1758310959.124134   45384 gl_context_egl.cc:85] Successfully initialized EGL. Major : 1 Minor: 5
I0000 00:00:1758310959.135900   51398 gl_context.cc:369] GL version: 3.2 (OpenGL ES 3.2 NVIDIA 570.172.08), renderer: Tesla P100-PCIE-16GB/PCIe/SSE2
W0000 00:00:1758310959.138189   45384 face_landmarker_graph.cc:174] Sets FaceBlendshapesGraph acceleration to xnnpack by default.
W0000 00:00:1758310959.146028   51406 inference_feedback_manager.cc:114] Feedback manager requires a model with a single signature inference. Disabling support for feedback tensors.
W0000 00:00:1758310959.169909   51406 inference_feedback_manager.cc:114] Feedback manager requires a model with a single signature inference. Disabling support for feedback tensors.
I0000 00:00:1758310961.170101   45384 gl_context_egl.cc:85] Successfully initialized EGL. Major : 1 Minor: 5
I0000 00:00:1758310961.182593   51428 gl_context.cc:369] GL version: 3.2 (OpenGL ES 3.2 NVIDIA 570.172.08), renderer: Tesla P100-PCIE-16GB/PCIe/SSE2
W0000 00:00:1758310961.186160   45384 face_landmarker_graph.cc:174] Sets FaceBlendshapesGraph acceleration to xnnpack by default.
W0000 00:00:1758310961.193539   51436 inference_feedback_manager.cc:114] Feedback manager requires a model with a single signature inference. Disabling support for feedback tensors.
W0000 00:00:1758310961.217357   51436 inference_feedback_manager.cc:114] Feedback manager requires a model with a single signature inference. Disabling support for feedback tensors.
I0000 00:00:1758310961.823620   45384 gl_context_egl.cc:85] Successfully initialized EGL. Major : 1 Minor: 5
I0000 00:00:1758310961.835262   51458 gl_context.cc:369] GL version: 3.2 (OpenGL ES 3.2 NVIDIA 570.172.08), renderer: Tesla P100-PCIE-16GB/PCIe/SSE2
W0000 00:00:1758310961.837263   45384 face_landmarker_graph.cc:174] Sets FaceBlendshapesGraph acceleration to xnnpack by default.
W0000 00:00:1758310961.843539   51466 inference_feedback_manager.cc:114] Feedback manager requires a model with a single signature inference. Disabling support for feedback tensors.
W0000 00:00:1758310961.867173   51466 inference_feedback_manager.cc:114] Feedback manager requires a model with a single signature inference. Disabling support for feedback tensors.
I0000 00:00:1758310962.524415   45384 gl_context_egl.cc:85] Successfully initialized EGL. Major : 1 Minor: 5
I0000 00:00:1758310962.536073   51488 gl_context.cc:369] GL version: 3.2 (OpenGL ES 3.2 NVIDIA 570.172.08), renderer: Tesla P100-PCIE-16GB/PCIe/SSE2
W0000 00:00:1758310962.537939   45384 face_landmarker_graph.cc:174] Sets FaceBlendshapesGraph acceleration to xnnpack by default.
W0000 00:00:1758310962.545348   51496 inference_feedback_manager.cc:114] Feedback manager requires a model with a single signature inference. Disabling support for feedback tensors.
W0000 00:00:1758310962.569038   51496 inference_feedback_manager.cc:114] Feedback manager requires a model with a single signature inference. Disabling support for feedback tensors.
I0000 00:00:1758310963.282575   45384 gl_context_egl.cc:85] Successfully initialized EGL. Major : 1 Minor: 5
I0000 00:00:1758310963.294229   51518 gl_context.cc:369] GL version: 3.2 (OpenGL ES 3.2 NVIDIA 570.172.08), renderer: Tesla P100-PCIE-16GB/PCIe/SSE2
W0000 00:00:1758310963.296978   45384 face_landmarker_graph.cc:174] Sets FaceBlendshapesGraph acceleration to xnnpack by default.
W0000 00:00:1758310963.304601   51526 inference_feedback_manager.cc:114] Feedback manager requires a model with a single signature inference. Disabling support for feedback tensors.
W0000 00:00:1758310963.328519   51526 inference_feedback_manager.cc:114] Feedback manager requires a model with a single signature inference. Disabling support for feedback tensors.
I0000 00:00:1758310963.830366   45384 gl_context_egl.cc:85] Successfully initialized EGL. Major : 1 Minor: 5
I0000 00:00:1758310963.842199   51548 gl_context.cc:369] GL version: 3.2 (OpenGL ES 3.2 NVIDIA 570.172.08), renderer: Tesla P100-PCIE-16GB/PCIe/SSE2
W0000 00:00:1758310963.844078   45384 face_landmarker_graph.cc:174] Sets FaceBlendshapesGraph acceleration to xnnpack by default.
W0000 00:00:1758310963.850372   51556 inference_feedback_manager.cc:114] Feedback manager requires a model with a single signature inference. Disabling support for feedback tensors.
W0000 00:00:1758310963.874415   51556 inference_feedback_manager.cc:114] Feedback manager requires a model with a single signature inference. Disabling support for feedback tensors.
I0000 00:00:1758310964.773018   45384 gl_context_egl.cc:85] Successfully initialized EGL. Major : 1 Minor: 5
I0000 00:00:1758310964.784753   51578 gl_context.cc:369] GL version: 3.2 (OpenGL ES 3.2 NVIDIA 570.172.08), renderer: Tesla P100-PCIE-16GB/PCIe/SSE2
W0000 00:00:1758310964.787270   45384 face_landmarker_graph.cc:174] Sets FaceBlendshapesGraph acceleration to xnnpack by default.
W0000 00:00:1758310964.793728   51586 inference_feedback_manager.cc:114] Feedback manager requires a model with a single signature inference. Disabling support for feedback tensors.
W0000 00:00:1758310964.817253   51586 inference_feedback_manager.cc:114] Feedback manager requires a model with a single signature inference. Disabling support for feedback tensors.
I0000 00:00:1758310965.355656   45384 gl_context_egl.cc:85] Successfully initialized EGL. Major : 1 Minor: 5
I0000 00:00:1758310965.367442   51608 gl_context.cc:369] GL version: 3.2 (OpenGL ES 3.2 NVIDIA 570.172.08), renderer: Tesla P100-PCIE-16GB/PCIe/SSE2
W0000 00:00:1758310965.369621   45384 face_landmarker_graph.cc:174] Sets FaceBlendshapesGraph acceleration to xnnpack by default.
W0000 00:00:1758310965.375853   51616 inference_feedback_manager.cc:114] Feedback manager requires a model with a single signature inference. Disabling support for feedback tensors.
W0000 00:00:1758310965.399121   51616 inference_feedback_manager.cc:114] Feedback manager requires a model with a single signature inference. Disabling support for feedback tensors.
I0000 00:00:1758310966.129647   45384 gl_context_egl.cc:85] Successfully initialized EGL. Major : 1 Minor: 5
I0000 00:00:1758310966.141472   51638 gl_context.cc:369] GL version: 3.2 (OpenGL ES 3.2 NVIDIA 570.172.08), renderer: Tesla P100-PCIE-16GB/PCIe/SSE2
W0000 00:00:1758310966.143470   45384 face_landmarker_graph.cc:174] Sets FaceBlendshapesGraph acceleration to xnnpack by default.
W0000 00:00:1758310966.149699   51646 inference_feedback_manager.cc:114] Feedback manager requires a model with a single signature inference. Disabling support for feedback tensors.
W0000 00:00:1758310966.172498   51646 inference_feedback_manager.cc:114] Feedback manager requires a model with a single signature inference. Disabling support for feedback tensors.
I0000 00:00:1758310967.681500   45384 gl_context_egl.cc:85] Successfully initialized EGL. Major : 1 Minor: 5
I0000 00:00:1758310967.693300   51668 gl_context.cc:369] GL version: 3.2 (OpenGL ES 3.2 NVIDIA 570.172.08), renderer: Tesla P100-PCIE-16GB/PCIe/SSE2
W0000 00:00:1758310967.695455   45384 face_landmarker_graph.cc:174] Sets FaceBlendshapesGraph acceleration to xnnpack by default.
W0000 00:00:1758310967.703775   51676 inference_feedback_manager.cc:114] Feedback manager requires a model with a single signature inference. Disabling support for feedback tensors.
W0000 00:00:1758310967.727491   51678 inference_feedback_manager.cc:114] Feedback manager requires a model with a single signature inference. Disabling support for feedback tensors.
I0000 00:00:1758310968.290659   45384 gl_context_egl.cc:85] Successfully initialized EGL. Major : 1 Minor: 5
I0000 00:00:1758310968.302469   51698 gl_context.cc:369] GL version: 3.2 (OpenGL ES 3.2 NVIDIA 570.172.08), renderer: Tesla P100-PCIE-16GB/PCIe/SSE2
W0000 00:00:1758310968.305062   45384 face_landmarker_graph.cc:174] Sets FaceBlendshapesGraph acceleration to xnnpack by default.
W0000 00:00:1758310968.311306   51706 inference_feedback_manager.cc:114] Feedback manager requires a model with a single signature inference. Disabling support for feedback tensors.
W0000 00:00:1758310968.324146   51706 inference_feedback_manager.cc:114] Feedback manager requires a model with a single signature inference. Disabling support for feedback tensors.
I0000 00:00:1758310969.482085   45384 gl_context_egl.cc:85] Successfully initialized EGL. Major : 1 Minor: 5
I0000 00:00:1758310969.493827   51728 gl_context.cc:369] GL version: 3.2 (OpenGL ES 3.2 NVIDIA 570.172.08), renderer: Tesla P100-PCIE-16GB/PCIe/SSE2
W0000 00:00:1758310969.496389   45384 face_landmarker_graph.cc:174] Sets FaceBlendshapesGraph acceleration to xnnpack by default.
W0000 00:00:1758310969.503039   51736 inference_feedback_manager.cc:114] Feedback manager requires a model with a single signature inference. Disabling support for feedback tensors.
W0000 00:00:1758310969.526683   51736 inference_feedback_manager.cc:114] Feedback manager requires a model with a single signature inference. Disabling support for feedback tensors.
I0000 00:00:1758310970.831070   45384 gl_context_egl.cc:85] Successfully initialized EGL. Major : 1 Minor: 5
I0000 00:00:1758310970.842886   51758 gl_context.cc:369] GL version: 3.2 (OpenGL ES 3.2 NVIDIA 570.172.08), renderer: Tesla P100-PCIE-16GB/PCIe/SSE2
W0000 00:00:1758310970.845395   45384 face_landmarker_graph.cc:174] Sets FaceBlendshapesGraph acceleration to xnnpack by default.
W0000 00:00:1758310970.851711   51766 inference_feedback_manager.cc:114] Feedback manager requires a model with a single signature inference. Disabling support for feedback tensors.
W0000 00:00:1758310970.864548   51766 inference_feedback_manager.cc:114] Feedback manager requires a model with a single signature inference. Disabling support for feedback tensors.
I0000 00:00:1758310971.648429   45384 gl_context_egl.cc:85] Successfully initialized EGL. Major : 1 Minor: 5
I0000 00:00:1758310971.660102   51788 gl_context.cc:369] GL version: 3.2 (OpenGL ES 3.2 NVIDIA 570.172.08), renderer: Tesla P100-PCIE-16GB/PCIe/SSE2
W0000 00:00:1758310971.663401   45384 face_landmarker_graph.cc:174] Sets FaceBlendshapesGraph acceleration to xnnpack by default.
W0000 00:00:1758310971.670905   51796 inference_feedback_manager.cc:114] Feedback manager requires a model with a single signature inference. Disabling support for feedback tensors.
W0000 00:00:1758310971.694968   51796 inference_feedback_manager.cc:114] Feedback manager requires a model with a single signature inference. Disabling support for feedback tensors.
I0000 00:00:1758310972.215359   45384 gl_context_egl.cc:85] Successfully initialized EGL. Major : 1 Minor: 5
I0000 00:00:1758310972.227265   51818 gl_context.cc:369] GL version: 3.2 (OpenGL ES 3.2 NVIDIA 570.172.08), renderer: Tesla P100-PCIE-16GB/PCIe/SSE2
W0000 00:00:1758310972.229513   45384 face_landmarker_graph.cc:174] Sets FaceBlendshapesGraph acceleration to xnnpack by default.
W0000 00:00:1758310972.236992   51826 inference_feedback_manager.cc:114] Feedback manager requires a model with a single signature inference. Disabling support for feedback tensors.
W0000 00:00:1758310972.260725   51826 inference_feedback_manager.cc:114] Feedback manager requires a model with a single signature inference. Disabling support for feedback tensors.
I0000 00:00:1758310973.423249   45384 gl_context_egl.cc:85] Successfully initialized EGL. Major : 1 Minor: 5
I0000 00:00:1758310973.435698   51848 gl_context.cc:369] GL version: 3.2 (OpenGL ES 3.2 NVIDIA 570.172.08), renderer: Tesla P100-PCIE-16GB/PCIe/SSE2
W0000 00:00:1758310973.437824   45384 face_landmarker_graph.cc:174] Sets FaceBlendshapesGraph acceleration to xnnpack by default.
W0000 00:00:1758310973.444626   51856 inference_feedback_manager.cc:114] Feedback manager requires a model with a single signature inference. Disabling support for feedback tensors.
W0000 00:00:1758310973.468699   51856 inference_feedback_manager.cc:114] Feedback manager requires a model with a single signature inference. Disabling support for feedback tensors.
I0000 00:00:1758310974.667096   45384 gl_context_egl.cc:85] Successfully initialized EGL. Major : 1 Minor: 5
I0000 00:00:1758310974.678894   51878 gl_context.cc:369] GL version: 3.2 (OpenGL ES 3.2 NVIDIA 570.172.08), renderer: Tesla P100-PCIE-16GB/PCIe/SSE2
W0000 00:00:1758310974.681677   45384 face_landmarker_graph.cc:174] Sets FaceBlendshapesGraph acceleration to xnnpack by default.
W0000 00:00:1758310974.688003   51886 inference_feedback_manager.cc:114] Feedback manager requires a model with a single signature inference. Disabling support for feedback tensors.
W0000 00:00:1758310974.711661   51886 inference_feedback_manager.cc:114] Feedback manager requires a model with a single signature inference. Disabling support for feedback tensors.
I0000 00:00:1758310975.329230   45384 gl_context_egl.cc:85] Successfully initialized EGL. Major : 1 Minor: 5
I0000 00:00:1758310975.340990   51908 gl_context.cc:369] GL version: 3.2 (OpenGL ES 3.2 NVIDIA 570.172.08), renderer: Tesla P100-PCIE-16GB/PCIe/SSE2
W0000 00:00:1758310975.343172   45384 face_landmarker_graph.cc:174] Sets FaceBlendshapesGraph acceleration to xnnpack by default.
W0000 00:00:1758310975.349386   51916 inference_feedback_manager.cc:114] Feedback manager requires a model with a single signature inference. Disabling support for feedback tensors.
W0000 00:00:1758310975.362376   51916 inference_feedback_manager.cc:114] Feedback manager requires a model with a single signature inference. Disabling support for feedback tensors.
I0000 00:00:1758310976.842438   45384 gl_context_egl.cc:85] Successfully initialized EGL. Major : 1 Minor: 5
I0000 00:00:1758310976.854186   51938 gl_context.cc:369] GL version: 3.2 (OpenGL ES 3.2 NVIDIA 570.172.08), renderer: Tesla P100-PCIE-16GB/PCIe/SSE2
W0000 00:00:1758310976.856519   45384 face_landmarker_graph.cc:174] Sets FaceBlendshapesGraph acceleration to xnnpack by default.
W0000 00:00:1758310976.862856   51946 inference_feedback_manager.cc:114] Feedback manager requires a model with a single signature inference. Disabling support for feedback tensors.
W0000 00:00:1758310976.886203   51946 inference_feedback_manager.cc:114] Feedback manager requires a model with a single signature inference. Disabling support for feedback tensors.
I0000 00:00:1758310979.043540   45384 gl_context_egl.cc:85] Successfully initialized EGL. Major : 1 Minor: 5
I0000 00:00:1758310979.055419   51968 gl_context.cc:369] GL version: 3.2 (OpenGL ES 3.2 NVIDIA 570.172.08), renderer: Tesla P100-PCIE-16GB/PCIe/SSE2
W0000 00:00:1758310979.057909   45384 face_landmarker_graph.cc:174] Sets FaceBlendshapesGraph acceleration to xnnpack by default.
W0000 00:00:1758310979.064162   51976 inference_feedback_manager.cc:114] Feedback manager requires a model with a single signature inference. Disabling support for feedback tensors.
W0000 00:00:1758310979.087754   51976 inference_feedback_manager.cc:114] Feedback manager requires a model with a single signature inference. Disabling support for feedback tensors.
I0000 00:00:1758310980.079683   45384 gl_context_egl.cc:85] Successfully initialized EGL. Major : 1 Minor: 5
I0000 00:00:1758310980.091503   51998 gl_context.cc:369] GL version: 3.2 (OpenGL ES 3.2 NVIDIA 570.172.08), renderer: Tesla P100-PCIE-16GB/PCIe/SSE2
W0000 00:00:1758310980.096267   45384 face_landmarker_graph.cc:174] Sets FaceBlendshapesGraph acceleration to xnnpack by default.
W0000 00:00:1758310980.102551   52006 inference_feedback_manager.cc:114] Feedback manager requires a model with a single signature inference. Disabling support for feedback tensors.
W0000 00:00:1758310980.126134   52006 inference_feedback_manager.cc:114] Feedback manager requires a model with a single signature inference. Disabling support for feedback tensors.
I0000 00:00:1758310981.016573   45384 gl_context_egl.cc:85] Successfully initialized EGL. Major : 1 Minor: 5
I0000 00:00:1758310981.028407   52028 gl_context.cc:369] GL version: 3.2 (OpenGL ES 3.2 NVIDIA 570.172.08), renderer: Tesla P100-PCIE-16GB/PCIe/SSE2
W0000 00:00:1758310981.034281   45384 face_landmarker_graph.cc:174] Sets FaceBlendshapesGraph acceleration to xnnpack by default.
W0000 00:00:1758310981.040489   52036 inference_feedback_manager.cc:114] Feedback manager requires a model with a single signature inference. Disabling support for feedback tensors.
W0000 00:00:1758310981.064258   52036 inference_feedback_manager.cc:114] Feedback manager requires a model with a single signature inference. Disabling support for feedback tensors.
I0000 00:00:1758310983.213004   45384 gl_context_egl.cc:85] Successfully initialized EGL. Major : 1 Minor: 5
I0000 00:00:1758310983.224756   52106 gl_context.cc:369] GL version: 3.2 (OpenGL ES 3.2 NVIDIA 570.172.08), renderer: Tesla P100-PCIE-16GB/PCIe/SSE2
W0000 00:00:1758310983.229860   45384 face_landmarker_graph.cc:174] Sets FaceBlendshapesGraph acceleration to xnnpack by default.
W0000 00:00:1758310983.237903   52114 inference_feedback_manager.cc:114] Feedback manager requires a model with a single signature inference. Disabling support for feedback tensors.
W0000 00:00:1758310983.261713   52114 inference_feedback_manager.cc:114] Feedback manager requires a model with a single signature inference. Disabling support for feedback tensors.
I0000 00:00:1758310984.541390   45384 gl_context_egl.cc:85] Successfully initialized EGL. Major : 1 Minor: 5
I0000 00:00:1758310984.553129   52136 gl_context.cc:369] GL version: 3.2 (OpenGL ES 3.2 NVIDIA 570.172.08), renderer: Tesla P100-PCIE-16GB/PCIe/SSE2
W0000 00:00:1758310984.555726   45384 face_landmarker_graph.cc:174] Sets FaceBlendshapesGraph acceleration to xnnpack by default.
W0000 00:00:1758310984.562053   52144 inference_feedback_manager.cc:114] Feedback manager requires a model with a single signature inference. Disabling support for feedback tensors.
W0000 00:00:1758310984.574937   52144 inference_feedback_manager.cc:114] Feedback manager requires a model with a single signature inference. Disabling support for feedback tensors.
I0000 00:00:1758310985.454081   45384 gl_context_egl.cc:85] Successfully initialized EGL. Major : 1 Minor: 5
I0000 00:00:1758310985.465924   52166 gl_context.cc:369] GL version: 3.2 (OpenGL ES 3.2 NVIDIA 570.172.08), renderer: Tesla P100-PCIE-16GB/PCIe/SSE2
W0000 00:00:1758310985.468087   45384 face_landmarker_graph.cc:174] Sets FaceBlendshapesGraph acceleration to xnnpack by default.
W0000 00:00:1758310985.475516   52174 inference_feedback_manager.cc:114] Feedback manager requires a model with a single signature inference. Disabling support for feedback tensors.
W0000 00:00:1758310985.499167   52174 inference_feedback_manager.cc:114] Feedback manager requires a model with a single signature inference. Disabling support for feedback tensors.
I0000 00:00:1758310986.417478   45384 gl_context_egl.cc:85] Successfully initialized EGL. Major : 1 Minor: 5
I0000 00:00:1758310986.429937   52196 gl_context.cc:369] GL version: 3.2 (OpenGL ES 3.2 NVIDIA 570.172.08), renderer: Tesla P100-PCIE-16GB/PCIe/SSE2
W0000 00:00:1758310986.432050   45384 face_landmarker_graph.cc:174] Sets FaceBlendshapesGraph acceleration to xnnpack by default.
W0000 00:00:1758310986.438421   52204 inference_feedback_manager.cc:114] Feedback manager requires a model with a single signature inference. Disabling support for feedback tensors.
W0000 00:00:1758310986.461782   52204 inference_feedback_manager.cc:114] Feedback manager requires a model with a single signature inference. Disabling support for feedback tensors.
I0000 00:00:1758310987.298694   45384 gl_context_egl.cc:85] Successfully initialized EGL. Major : 1 Minor: 5
I0000 00:00:1758310987.310584   52226 gl_context.cc:369] GL version: 3.2 (OpenGL ES 3.2 NVIDIA 570.172.08), renderer: Tesla P100-PCIE-16GB/PCIe/SSE2
W0000 00:00:1758310987.312494   45384 face_landmarker_graph.cc:174] Sets FaceBlendshapesGraph acceleration to xnnpack by default.
W0000 00:00:1758310987.319900   52234 inference_feedback_manager.cc:114] Feedback manager requires a model with a single signature inference. Disabling support for feedback tensors.
W0000 00:00:1758310987.343766   52234 inference_feedback_manager.cc:114] Feedback manager requires a model with a single signature inference. Disabling support for feedback tensors.
I0000 00:00:1758310988.564516   45384 gl_context_egl.cc:85] Successfully initialized EGL. Major : 1 Minor: 5
I0000 00:00:1758310988.576154   52256 gl_context.cc:369] GL version: 3.2 (OpenGL ES 3.2 NVIDIA 570.172.08), renderer: Tesla P100-PCIE-16GB/PCIe/SSE2
W0000 00:00:1758310988.578430   45384 face_landmarker_graph.cc:174] Sets FaceBlendshapesGraph acceleration to xnnpack by default.
W0000 00:00:1758310988.584844   52264 inference_feedback_manager.cc:114] Feedback manager requires a model with a single signature inference. Disabling support for feedback tensors.
W0000 00:00:1758310988.608069   52264 inference_feedback_manager.cc:114] Feedback manager requires a model with a single signature inference. Disabling support for feedback tensors.
I0000 00:00:1758310989.186905   45384 gl_context_egl.cc:85] Successfully initialized EGL. Major : 1 Minor: 5
I0000 00:00:1758310989.198677   52286 gl_context.cc:369] GL version: 3.2 (OpenGL ES 3.2 NVIDIA 570.172.08), renderer: Tesla P100-PCIE-16GB/PCIe/SSE2
W0000 00:00:1758310989.201612   45384 face_landmarker_graph.cc:174] Sets FaceBlendshapesGraph acceleration to xnnpack by default.
W0000 00:00:1758310989.209035   52294 inference_feedback_manager.cc:114] Feedback manager requires a model with a single signature inference. Disabling support for feedback tensors.
W0000 00:00:1758310989.232605   52294 inference_feedback_manager.cc:114] Feedback manager requires a model with a single signature inference. Disabling support for feedback tensors.
I0000 00:00:1758310989.626594   45384 gl_context_egl.cc:85] Successfully initialized EGL. Major : 1 Minor: 5
I0000 00:00:1758310989.638396   52316 gl_context.cc:369] GL version: 3.2 (OpenGL ES 3.2 NVIDIA 570.172.08), renderer: Tesla P100-PCIE-16GB/PCIe/SSE2
W0000 00:00:1758310989.640535   45384 face_landmarker_graph.cc:174] Sets FaceBlendshapesGraph acceleration to xnnpack by default.
W0000 00:00:1758310989.648789   52324 inference_feedback_manager.cc:114] Feedback manager requires a model with a single signature inference. Disabling support for feedback tensors.
W0000 00:00:1758310989.670465   52327 inference_feedback_manager.cc:114] Feedback manager requires a model with a single signature inference. Disabling support for feedback tensors.
I0000 00:00:1758310990.919152   45384 gl_context_egl.cc:85] Successfully initialized EGL. Major : 1 Minor: 5
I0000 00:00:1758310990.930878   52346 gl_context.cc:369] GL version: 3.2 (OpenGL ES 3.2 NVIDIA 570.172.08), renderer: Tesla P100-PCIE-16GB/PCIe/SSE2
W0000 00:00:1758310990.934549   45384 face_landmarker_graph.cc:174] Sets FaceBlendshapesGraph acceleration to xnnpack by default.
W0000 00:00:1758310990.941890   52354 inference_feedback_manager.cc:114] Feedback manager requires a model with a single signature inference. Disabling support for feedback tensors.
W0000 00:00:1758310990.965832   52354 inference_feedback_manager.cc:114] Feedback manager requires a model with a single signature inference. Disabling support for feedback tensors.
I0000 00:00:1758310992.166388   45384 gl_context_egl.cc:85] Successfully initialized EGL. Major : 1 Minor: 5
I0000 00:00:1758310992.178180   52376 gl_context.cc:369] GL version: 3.2 (OpenGL ES 3.2 NVIDIA 570.172.08), renderer: Tesla P100-PCIE-16GB/PCIe/SSE2
W0000 00:00:1758310992.181586   45384 face_landmarker_graph.cc:174] Sets FaceBlendshapesGraph acceleration to xnnpack by default.
W0000 00:00:1758310992.188005   52384 inference_feedback_manager.cc:114] Feedback manager requires a model with a single signature inference. Disabling support for feedback tensors.
W0000 00:00:1758310992.211650   52384 inference_feedback_manager.cc:114] Feedback manager requires a model with a single signature inference. Disabling support for feedback tensors.
I0000 00:00:1758310993.500971   45384 gl_context_egl.cc:85] Successfully initialized EGL. Major : 1 Minor: 5
I0000 00:00:1758310993.512722   52406 gl_context.cc:369] GL version: 3.2 (OpenGL ES 3.2 NVIDIA 570.172.08), renderer: Tesla P100-PCIE-16GB/PCIe/SSE2
W0000 00:00:1758310993.515901   45384 face_landmarker_graph.cc:174] Sets FaceBlendshapesGraph acceleration to xnnpack by default.
W0000 00:00:1758310993.522174   52414 inference_feedback_manager.cc:114] Feedback manager requires a model with a single signature inference. Disabling support for feedback tensors.
W0000 00:00:1758310993.545418   52414 inference_feedback_manager.cc:114] Feedback manager requires a model with a single signature inference. Disabling support for feedback tensors.
I0000 00:00:1758310994.646124   45384 gl_context_egl.cc:85] Successfully initialized EGL. Major : 1 Minor: 5
I0000 00:00:1758310994.658015   52436 gl_context.cc:369] GL version: 3.2 (OpenGL ES 3.2 NVIDIA 570.172.08), renderer: Tesla P100-PCIE-16GB/PCIe/SSE2
W0000 00:00:1758310994.660118   45384 face_landmarker_graph.cc:174] Sets FaceBlendshapesGraph acceleration to xnnpack by default.
W0000 00:00:1758310994.668043   52444 inference_feedback_manager.cc:114] Feedback manager requires a model with a single signature inference. Disabling support for feedback tensors.
W0000 00:00:1758310994.691357   52444 inference_feedback_manager.cc:114] Feedback manager requires a model with a single signature inference. Disabling support for feedback tensors.
I0000 00:00:1758310995.867622   45384 gl_context_egl.cc:85] Successfully initialized EGL. Major : 1 Minor: 5
I0000 00:00:1758310995.879449   52466 gl_context.cc:369] GL version: 3.2 (OpenGL ES 3.2 NVIDIA 570.172.08), renderer: Tesla P100-PCIE-16GB/PCIe/SSE2
W0000 00:00:1758310995.881378   45384 face_landmarker_graph.cc:174] Sets FaceBlendshapesGraph acceleration to xnnpack by default.
W0000 00:00:1758310995.889617   52474 inference_feedback_manager.cc:114] Feedback manager requires a model with a single signature inference. Disabling support for feedback tensors.
W0000 00:00:1758310995.912634   52477 inference_feedback_manager.cc:114] Feedback manager requires a model with a single signature inference. Disabling support for feedback tensors.
I0000 00:00:1758310997.834586   45384 gl_context_egl.cc:85] Successfully initialized EGL. Major : 1 Minor: 5
I0000 00:00:1758310997.846559   52515 gl_context.cc:369] GL version: 3.2 (OpenGL ES 3.2 NVIDIA 570.172.08), renderer: Tesla P100-PCIE-16GB/PCIe/SSE2
W0000 00:00:1758310997.849542   45384 face_landmarker_graph.cc:174] Sets FaceBlendshapesGraph acceleration to xnnpack by default.
W0000 00:00:1758310997.857105   52523 inference_feedback_manager.cc:114] Feedback manager requires a model with a single signature inference. Disabling support for feedback tensors.
W0000 00:00:1758310997.881094   52523 inference_feedback_manager.cc:114] Feedback manager requires a model with a single signature inference. Disabling support for feedback tensors.
I0000 00:00:1758310998.653726   45384 gl_context_egl.cc:85] Successfully initialized EGL. Major : 1 Minor: 5
I0000 00:00:1758310998.666210   52551 gl_context.cc:369] GL version: 3.2 (OpenGL ES 3.2 NVIDIA 570.172.08), renderer: Tesla P100-PCIE-16GB/PCIe/SSE2
W0000 00:00:1758310998.668395   45384 face_landmarker_graph.cc:174] Sets FaceBlendshapesGraph acceleration to xnnpack by default.
W0000 00:00:1758310998.675157   52559 inference_feedback_manager.cc:114] Feedback manager requires a model with a single signature inference. Disabling support for feedback tensors.
W0000 00:00:1758310998.699849   52559 inference_feedback_manager.cc:114] Feedback manager requires a model with a single signature inference. Disabling support for feedback tensors.
I0000 00:00:1758310999.370524   45384 gl_context_egl.cc:85] Successfully initialized EGL. Major : 1 Minor: 5
I0000 00:00:1758310999.382782   52581 gl_context.cc:369] GL version: 3.2 (OpenGL ES 3.2 NVIDIA 570.172.08), renderer: Tesla P100-PCIE-16GB/PCIe/SSE2
W0000 00:00:1758310999.387220   45384 face_landmarker_graph.cc:174] Sets FaceBlendshapesGraph acceleration to xnnpack by default.
W0000 00:00:1758310999.393821   52589 inference_feedback_manager.cc:114] Feedback manager requires a model with a single signature inference. Disabling support for feedback tensors.
W0000 00:00:1758310999.418755   52589 inference_feedback_manager.cc:114] Feedback manager requires a model with a single signature inference. Disabling support for feedback tensors.
I0000 00:00:1758311000.283316   45384 gl_context_egl.cc:85] Successfully initialized EGL. Major : 1 Minor: 5
I0000 00:00:1758311000.295663   52615 gl_context.cc:369] GL version: 3.2 (OpenGL ES 3.2 NVIDIA 570.172.08), renderer: Tesla P100-PCIE-16GB/PCIe/SSE2
W0000 00:00:1758311000.297668   45384 face_landmarker_graph.cc:174] Sets FaceBlendshapesGraph acceleration to xnnpack by default.
W0000 00:00:1758311000.305838   52623 inference_feedback_manager.cc:114] Feedback manager requires a model with a single signature inference. Disabling support for feedback tensors.
W0000 00:00:1758311000.328760   52626 inference_feedback_manager.cc:114] Feedback manager requires a model with a single signature inference. Disabling support for feedback tensors.
I0000 00:00:1758311001.187465   45384 gl_context_egl.cc:85] Successfully initialized EGL. Major : 1 Minor: 5
I0000 00:00:1758311001.199725   52645 gl_context.cc:369] GL version: 3.2 (OpenGL ES 3.2 NVIDIA 570.172.08), renderer: Tesla P100-PCIE-16GB/PCIe/SSE2
W0000 00:00:1758311001.234584   45384 face_landmarker_graph.cc:174] Sets FaceBlendshapesGraph acceleration to xnnpack by default.
W0000 00:00:1758311001.242107   52653 inference_feedback_manager.cc:114] Feedback manager requires a model with a single signature inference. Disabling support for feedback tensors.
W0000 00:00:1758311001.265744   52653 inference_feedback_manager.cc:114] Feedback manager requires a model with a single signature inference. Disabling support for feedback tensors.
I0000 00:00:1758311001.909581   45384 gl_context_egl.cc:85] Successfully initialized EGL. Major : 1 Minor: 5
I0000 00:00:1758311001.921374   52676 gl_context.cc:369] GL version: 3.2 (OpenGL ES 3.2 NVIDIA 570.172.08), renderer: Tesla P100-PCIE-16GB/PCIe/SSE2
W0000 00:00:1758311001.948233   45384 face_landmarker_graph.cc:174] Sets FaceBlendshapesGraph acceleration to xnnpack by default.
W0000 00:00:1758311001.956259   52684 inference_feedback_manager.cc:114] Feedback manager requires a model with a single signature inference. Disabling support for feedback tensors.
W0000 00:00:1758311001.979890   52687 inference_feedback_manager.cc:114] Feedback manager requires a model with a single signature inference. Disabling support for feedback tensors.
I0000 00:00:1758311002.622513   45384 gl_context_egl.cc:85] Successfully initialized EGL. Major : 1 Minor: 5
I0000 00:00:1758311002.634145   52706 gl_context.cc:369] GL version: 3.2 (OpenGL ES 3.2 NVIDIA 570.172.08), renderer: Tesla P100-PCIE-16GB/PCIe/SSE2
W0000 00:00:1758311002.655996   45384 face_landmarker_graph.cc:174] Sets FaceBlendshapesGraph acceleration to xnnpack by default.
W0000 00:00:1758311002.662228   52714 inference_feedback_manager.cc:114] Feedback manager requires a model with a single signature inference. Disabling support for feedback tensors.
W0000 00:00:1758311002.685454   52714 inference_feedback_manager.cc:114] Feedback manager requires a model with a single signature inference. Disabling support for feedback tensors.
I0000 00:00:1758311004.876234   45384 gl_context_egl.cc:85] Successfully initialized EGL. Major : 1 Minor: 5
I0000 00:00:1758311004.888077   52736 gl_context.cc:369] GL version: 3.2 (OpenGL ES 3.2 NVIDIA 570.172.08), renderer: Tesla P100-PCIE-16GB/PCIe/SSE2
W0000 00:00:1758311004.897555   45384 face_landmarker_graph.cc:174] Sets FaceBlendshapesGraph acceleration to xnnpack by default.
W0000 00:00:1758311004.903862   52744 inference_feedback_manager.cc:114] Feedback manager requires a model with a single signature inference. Disabling support for feedback tensors.
W0000 00:00:1758311004.927611   52744 inference_feedback_manager.cc:114] Feedback manager requires a model with a single signature inference. Disabling support for feedback tensors.
I0000 00:00:1758311005.575389   45384 gl_context_egl.cc:85] Successfully initialized EGL. Major : 1 Minor: 5
I0000 00:00:1758311005.587106   52766 gl_context.cc:369] GL version: 3.2 (OpenGL ES 3.2 NVIDIA 570.172.08), renderer: Tesla P100-PCIE-16GB/PCIe/SSE2
W0000 00:00:1758311005.602348   45384 face_landmarker_graph.cc:174] Sets FaceBlendshapesGraph acceleration to xnnpack by default.
W0000 00:00:1758311005.608726   52774 inference_feedback_manager.cc:114] Feedback manager requires a model with a single signature inference. Disabling support for feedback tensors.
W0000 00:00:1758311005.632647   52774 inference_feedback_manager.cc:114] Feedback manager requires a model with a single signature inference. Disabling support for feedback tensors.
I0000 00:00:1758311006.286414   45384 gl_context_egl.cc:85] Successfully initialized EGL. Major : 1 Minor: 5
I0000 00:00:1758311006.298157   52796 gl_context.cc:369] GL version: 3.2 (OpenGL ES 3.2 NVIDIA 570.172.08), renderer: Tesla P100-PCIE-16GB/PCIe/SSE2
W0000 00:00:1758311006.302760   45384 face_landmarker_graph.cc:174] Sets FaceBlendshapesGraph acceleration to xnnpack by default.
W0000 00:00:1758311006.309139   52804 inference_feedback_manager.cc:114] Feedback manager requires a model with a single signature inference. Disabling support for feedback tensors.
W0000 00:00:1758311006.332869   52804 inference_feedback_manager.cc:114] Feedback manager requires a model with a single signature inference. Disabling support for feedback tensors.
I0000 00:00:1758311007.481853   45384 gl_context_egl.cc:85] Successfully initialized EGL. Major : 1 Minor: 5
I0000 00:00:1758311007.493645   52826 gl_context.cc:369] GL version: 3.2 (OpenGL ES 3.2 NVIDIA 570.172.08), renderer: Tesla P100-PCIE-16GB/PCIe/SSE2
W0000 00:00:1758311007.496428   45384 face_landmarker_graph.cc:174] Sets FaceBlendshapesGraph acceleration to xnnpack by default.
W0000 00:00:1758311007.502647   52834 inference_feedback_manager.cc:114] Feedback manager requires a model with a single signature inference. Disabling support for feedback tensors.
W0000 00:00:1758311007.525931   52834 inference_feedback_manager.cc:114] Feedback manager requires a model with a single signature inference. Disabling support for feedback tensors.
I0000 00:00:1758311008.826946   45384 gl_context_egl.cc:85] Successfully initialized EGL. Major : 1 Minor: 5
I0000 00:00:1758311008.838700   52856 gl_context.cc:369] GL version: 3.2 (OpenGL ES 3.2 NVIDIA 570.172.08), renderer: Tesla P100-PCIE-16GB/PCIe/SSE2
W0000 00:00:1758311008.841828   45384 face_landmarker_graph.cc:174] Sets FaceBlendshapesGraph acceleration to xnnpack by default.
W0000 00:00:1758311008.849791   52864 inference_feedback_manager.cc:114] Feedback manager requires a model with a single signature inference. Disabling support for feedback tensors.
W0000 00:00:1758311008.873408   52864 inference_feedback_manager.cc:114] Feedback manager requires a model with a single signature inference. Disabling support for feedback tensors.
I0000 00:00:1758311009.442294   45384 gl_context_egl.cc:85] Successfully initialized EGL. Major : 1 Minor: 5
I0000 00:00:1758311009.453916   52888 gl_context.cc:369] GL version: 3.2 (OpenGL ES 3.2 NVIDIA 570.172.08), renderer: Tesla P100-PCIE-16GB/PCIe/SSE2
W0000 00:00:1758311009.456028   45384 face_landmarker_graph.cc:174] Sets FaceBlendshapesGraph acceleration to xnnpack by default.
W0000 00:00:1758311009.462313   52896 inference_feedback_manager.cc:114] Feedback manager requires a model with a single signature inference. Disabling support for feedback tensors.
W0000 00:00:1758311009.486142   52896 inference_feedback_manager.cc:114] Feedback manager requires a model with a single signature inference. Disabling support for feedback tensors.
I0000 00:00:1758311010.778330   45384 gl_context_egl.cc:85] Successfully initialized EGL. Major : 1 Minor: 5
I0000 00:00:1758311010.790053   52918 gl_context.cc:369] GL version: 3.2 (OpenGL ES 3.2 NVIDIA 570.172.08), renderer: Tesla P100-PCIE-16GB/PCIe/SSE2
W0000 00:00:1758311010.792109   45384 face_landmarker_graph.cc:174] Sets FaceBlendshapesGraph acceleration to xnnpack by default.
W0000 00:00:1758311010.798358   52926 inference_feedback_manager.cc:114] Feedback manager requires a model with a single signature inference. Disabling support for feedback tensors.
W0000 00:00:1758311010.821758   52926 inference_feedback_manager.cc:114] Feedback manager requires a model with a single signature inference. Disabling support for feedback tensors.
I0000 00:00:1758311011.887707   45384 gl_context_egl.cc:85] Successfully initialized EGL. Major : 1 Minor: 5
I0000 00:00:1758311011.899516   52948 gl_context.cc:369] GL version: 3.2 (OpenGL ES 3.2 NVIDIA 570.172.08), renderer: Tesla P100-PCIE-16GB/PCIe/SSE2
W0000 00:00:1758311011.902195   45384 face_landmarker_graph.cc:174] Sets FaceBlendshapesGraph acceleration to xnnpack by default.
W0000 00:00:1758311011.910128   52956 inference_feedback_manager.cc:114] Feedback manager requires a model with a single signature inference. Disabling support for feedback tensors.
W0000 00:00:1758311011.933872   52956 inference_feedback_manager.cc:114] Feedback manager requires a model with a single signature inference. Disabling support for feedback tensors.
I0000 00:00:1758311013.204033   45384 gl_context_egl.cc:85] Successfully initialized EGL. Major : 1 Minor: 5
I0000 00:00:1758311013.215786   52978 gl_context.cc:369] GL version: 3.2 (OpenGL ES 3.2 NVIDIA 570.172.08), renderer: Tesla P100-PCIE-16GB/PCIe/SSE2
W0000 00:00:1758311013.218147   45384 face_landmarker_graph.cc:174] Sets FaceBlendshapesGraph acceleration to xnnpack by default.
W0000 00:00:1758311013.224417   52986 inference_feedback_manager.cc:114] Feedback manager requires a model with a single signature inference. Disabling support for feedback tensors.
W0000 00:00:1758311013.248153   52986 inference_feedback_manager.cc:114] Feedback manager requires a model with a single signature inference. Disabling support for feedback tensors.
I0000 00:00:1758311013.945985   45384 gl_context_egl.cc:85] Successfully initialized EGL. Major : 1 Minor: 5
I0000 00:00:1758311013.957584   53008 gl_context.cc:369] GL version: 3.2 (OpenGL ES 3.2 NVIDIA 570.172.08), renderer: Tesla P100-PCIE-16GB/PCIe/SSE2
W0000 00:00:1758311013.960480   45384 face_landmarker_graph.cc:174] Sets FaceBlendshapesGraph acceleration to xnnpack by default.
W0000 00:00:1758311013.967959   53016 inference_feedback_manager.cc:114] Feedback manager requires a model with a single signature inference. Disabling support for feedback tensors.
W0000 00:00:1758311013.991788   53016 inference_feedback_manager.cc:114] Feedback manager requires a model with a single signature inference. Disabling support for feedback tensors.
I0000 00:00:1758311014.543875   45384 gl_context_egl.cc:85] Successfully initialized EGL. Major : 1 Minor: 5
I0000 00:00:1758311014.556398   53038 gl_context.cc:369] GL version: 3.2 (OpenGL ES 3.2 NVIDIA 570.172.08), renderer: Tesla P100-PCIE-16GB/PCIe/SSE2
W0000 00:00:1758311014.559100   45384 face_landmarker_graph.cc:174] Sets FaceBlendshapesGraph acceleration to xnnpack by default.
W0000 00:00:1758311014.565412   53045 inference_feedback_manager.cc:114] Feedback manager requires a model with a single signature inference. Disabling support for feedback tensors.
W0000 00:00:1758311014.589239   53045 inference_feedback_manager.cc:114] Feedback manager requires a model with a single signature inference. Disabling support for feedback tensors.
I0000 00:00:1758311017.020819   45384 gl_context_egl.cc:85] Successfully initialized EGL. Major : 1 Minor: 5
I0000 00:00:1758311017.032436   53068 gl_context.cc:369] GL version: 3.2 (OpenGL ES 3.2 NVIDIA 570.172.08), renderer: Tesla P100-PCIE-16GB/PCIe/SSE2
W0000 00:00:1758311017.034563   45384 face_landmarker_graph.cc:174] Sets FaceBlendshapesGraph acceleration to xnnpack by default.
W0000 00:00:1758311017.040879   53076 inference_feedback_manager.cc:114] Feedback manager requires a model with a single signature inference. Disabling support for feedback tensors.
W0000 00:00:1758311017.064466   53076 inference_feedback_manager.cc:114] Feedback manager requires a model with a single signature inference. Disabling support for feedback tensors.
I0000 00:00:1758311018.352613   45384 gl_context_egl.cc:85] Successfully initialized EGL. Major : 1 Minor: 5
I0000 00:00:1758311018.364556   53098 gl_context.cc:369] GL version: 3.2 (OpenGL ES 3.2 NVIDIA 570.172.08), renderer: Tesla P100-PCIE-16GB/PCIe/SSE2
W0000 00:00:1758311018.366893   45384 face_landmarker_graph.cc:174] Sets FaceBlendshapesGraph acceleration to xnnpack by default.
W0000 00:00:1758311018.373268   53106 inference_feedback_manager.cc:114] Feedback manager requires a model with a single signature inference. Disabling support for feedback tensors.
W0000 00:00:1758311018.396749   53106 inference_feedback_manager.cc:114] Feedback manager requires a model with a single signature inference. Disabling support for feedback tensors.
I0000 00:00:1758311020.257950   45384 gl_context_egl.cc:85] Successfully initialized EGL. Major : 1 Minor: 5
I0000 00:00:1758311020.269653   53128 gl_context.cc:369] GL version: 3.2 (OpenGL ES 3.2 NVIDIA 570.172.08), renderer: Tesla P100-PCIE-16GB/PCIe/SSE2
W0000 00:00:1758311020.271990   45384 face_landmarker_graph.cc:174] Sets FaceBlendshapesGraph acceleration to xnnpack by default.
W0000 00:00:1758311020.278354   53136 inference_feedback_manager.cc:114] Feedback manager requires a model with a single signature inference. Disabling support for feedback tensors.
W0000 00:00:1758311020.301901   53136 inference_feedback_manager.cc:114] Feedback manager requires a model with a single signature inference. Disabling support for feedback tensors.
I0000 00:00:1758311021.454838   45384 gl_context_egl.cc:85] Successfully initialized EGL. Major : 1 Minor: 5
I0000 00:00:1758311021.466712   53158 gl_context.cc:369] GL version: 3.2 (OpenGL ES 3.2 NVIDIA 570.172.08), renderer: Tesla P100-PCIE-16GB/PCIe/SSE2
W0000 00:00:1758311021.469136   45384 face_landmarker_graph.cc:174] Sets FaceBlendshapesGraph acceleration to xnnpack by default.
W0000 00:00:1758311021.475473   53166 inference_feedback_manager.cc:114] Feedback manager requires a model with a single signature inference. Disabling support for feedback tensors.
W0000 00:00:1758311021.499363   53166 inference_feedback_manager.cc:114] Feedback manager requires a model with a single signature inference. Disabling support for feedback tensors.
I0000 00:00:1758311022.563718   45384 gl_context_egl.cc:85] Successfully initialized EGL. Major : 1 Minor: 5
I0000 00:00:1758311022.575406   53188 gl_context.cc:369] GL version: 3.2 (OpenGL ES 3.2 NVIDIA 570.172.08), renderer: Tesla P100-PCIE-16GB/PCIe/SSE2
W0000 00:00:1758311022.579405   45384 face_landmarker_graph.cc:174] Sets FaceBlendshapesGraph acceleration to xnnpack by default.
W0000 00:00:1758311022.587164   53196 inference_feedback_manager.cc:114] Feedback manager requires a model with a single signature inference. Disabling support for feedback tensors.
W0000 00:00:1758311022.610767   53196 inference_feedback_manager.cc:114] Feedback manager requires a model with a single signature inference. Disabling support for feedback tensors.
I0000 00:00:1758311024.309443   45384 gl_context_egl.cc:85] Successfully initialized EGL. Major : 1 Minor: 5
I0000 00:00:1758311024.321290   53218 gl_context.cc:369] GL version: 3.2 (OpenGL ES 3.2 NVIDIA 570.172.08), renderer: Tesla P100-PCIE-16GB/PCIe/SSE2
W0000 00:00:1758311024.325180   45384 face_landmarker_graph.cc:174] Sets FaceBlendshapesGraph acceleration to xnnpack by default.
W0000 00:00:1758311024.331875   53226 inference_feedback_manager.cc:114] Feedback manager requires a model with a single signature inference. Disabling support for feedback tensors.
W0000 00:00:1758311024.355453   53226 inference_feedback_manager.cc:114] Feedback manager requires a model with a single signature inference. Disabling support for feedback tensors.
I0000 00:00:1758311026.250060   45384 gl_context_egl.cc:85] Successfully initialized EGL. Major : 1 Minor: 5
I0000 00:00:1758311026.261734   53248 gl_context.cc:369] GL version: 3.2 (OpenGL ES 3.2 NVIDIA 570.172.08), renderer: Tesla P100-PCIE-16GB/PCIe/SSE2
W0000 00:00:1758311026.264056   45384 face_landmarker_graph.cc:174] Sets FaceBlendshapesGraph acceleration to xnnpack by default.
W0000 00:00:1758311026.271484   53256 inference_feedback_manager.cc:114] Feedback manager requires a model with a single signature inference. Disabling support for feedback tensors.
W0000 00:00:1758311026.295301   53256 inference_feedback_manager.cc:114] Feedback manager requires a model with a single signature inference. Disabling support for feedback tensors.
I0000 00:00:1758311027.003955   45384 gl_context_egl.cc:85] Successfully initialized EGL. Major : 1 Minor: 5
I0000 00:00:1758311027.015814   53278 gl_context.cc:369] GL version: 3.2 (OpenGL ES 3.2 NVIDIA 570.172.08), renderer: Tesla P100-PCIE-16GB/PCIe/SSE2
W0000 00:00:1758311027.018094   45384 face_landmarker_graph.cc:174] Sets FaceBlendshapesGraph acceleration to xnnpack by default.
W0000 00:00:1758311027.024425   53286 inference_feedback_manager.cc:114] Feedback manager requires a model with a single signature inference. Disabling support for feedback tensors.
W0000 00:00:1758311027.047858   53286 inference_feedback_manager.cc:114] Feedback manager requires a model with a single signature inference. Disabling support for feedback tensors.
I0000 00:00:1758311027.556594   45384 gl_context_egl.cc:85] Successfully initialized EGL. Major : 1 Minor: 5
I0000 00:00:1758311027.569057   53309 gl_context.cc:369] GL version: 3.2 (OpenGL ES 3.2 NVIDIA 570.172.08), renderer: Tesla P100-PCIE-16GB/PCIe/SSE2
W0000 00:00:1758311027.571529   45384 face_landmarker_graph.cc:174] Sets FaceBlendshapesGraph acceleration to xnnpack by default.
W0000 00:00:1758311027.578950   53317 inference_feedback_manager.cc:114] Feedback manager requires a model with a single signature inference. Disabling support for feedback tensors.
W0000 00:00:1758311027.602795   53317 inference_feedback_manager.cc:114] Feedback manager requires a model with a single signature inference. Disabling support for feedback tensors.
I0000 00:00:1758311028.887196   45384 gl_context_egl.cc:85] Successfully initialized EGL. Major : 1 Minor: 5
I0000 00:00:1758311028.898906   53339 gl_context.cc:369] GL version: 3.2 (OpenGL ES 3.2 NVIDIA 570.172.08), renderer: Tesla P100-PCIE-16GB/PCIe/SSE2
W0000 00:00:1758311028.901134   45384 face_landmarker_graph.cc:174] Sets FaceBlendshapesGraph acceleration to xnnpack by default.
W0000 00:00:1758311028.907676   53347 inference_feedback_manager.cc:114] Feedback manager requires a model with a single signature inference. Disabling support for feedback tensors.
W0000 00:00:1758311028.931292   53347 inference_feedback_manager.cc:114] Feedback manager requires a model with a single signature inference. Disabling support for feedback tensors.
I0000 00:00:1758311029.740840   45384 gl_context_egl.cc:85] Successfully initialized EGL. Major : 1 Minor: 5
I0000 00:00:1758311029.752548   53369 gl_context.cc:369] GL version: 3.2 (OpenGL ES 3.2 NVIDIA 570.172.08), renderer: Tesla P100-PCIE-16GB/PCIe/SSE2
W0000 00:00:1758311029.755704   45384 face_landmarker_graph.cc:174] Sets FaceBlendshapesGraph acceleration to xnnpack by default.
W0000 00:00:1758311029.763074   53377 inference_feedback_manager.cc:114] Feedback manager requires a model with a single signature inference. Disabling support for feedback tensors.
W0000 00:00:1758311029.786730   53377 inference_feedback_manager.cc:114] Feedback manager requires a model with a single signature inference. Disabling support for feedback tensors.
I0000 00:00:1758311030.258211   45384 gl_context_egl.cc:85] Successfully initialized EGL. Major : 1 Minor: 5
I0000 00:00:1758311030.270109   53399 gl_context.cc:369] GL version: 3.2 (OpenGL ES 3.2 NVIDIA 570.172.08), renderer: Tesla P100-PCIE-16GB/PCIe/SSE2
W0000 00:00:1758311030.272544   45384 face_landmarker_graph.cc:174] Sets FaceBlendshapesGraph acceleration to xnnpack by default.
W0000 00:00:1758311030.279112   53407 inference_feedback_manager.cc:114] Feedback manager requires a model with a single signature inference. Disabling support for feedback tensors.
W0000 00:00:1758311030.302528   53407 inference_feedback_manager.cc:114] Feedback manager requires a model with a single signature inference. Disabling support for feedback tensors.
I0000 00:00:1758311030.978869   45384 gl_context_egl.cc:85] Successfully initialized EGL. Major : 1 Minor: 5
I0000 00:00:1758311030.990594   53429 gl_context.cc:369] GL version: 3.2 (OpenGL ES 3.2 NVIDIA 570.172.08), renderer: Tesla P100-PCIE-16GB/PCIe/SSE2
W0000 00:00:1758311030.993210   45384 face_landmarker_graph.cc:174] Sets FaceBlendshapesGraph acceleration to xnnpack by default.
W0000 00:00:1758311031.000764   53437 inference_feedback_manager.cc:114] Feedback manager requires a model with a single signature inference. Disabling support for feedback tensors.
W0000 00:00:1758311031.024680   53437 inference_feedback_manager.cc:114] Feedback manager requires a model with a single signature inference. Disabling support for feedback tensors.
I0000 00:00:1758311032.611469   45384 gl_context_egl.cc:85] Successfully initialized EGL. Major : 1 Minor: 5
I0000 00:00:1758311032.623172   53459 gl_context.cc:369] GL version: 3.2 (OpenGL ES 3.2 NVIDIA 570.172.08), renderer: Tesla P100-PCIE-16GB/PCIe/SSE2
W0000 00:00:1758311032.628573   45384 face_landmarker_graph.cc:174] Sets FaceBlendshapesGraph acceleration to xnnpack by default.
W0000 00:00:1758311032.634826   53467 inference_feedback_manager.cc:114] Feedback manager requires a model with a single signature inference. Disabling support for feedback tensors.
W0000 00:00:1758311032.658174   53467 inference_feedback_manager.cc:114] Feedback manager requires a model with a single signature inference. Disabling support for feedback tensors.
I0000 00:00:1758311033.201472   45384 gl_context_egl.cc:85] Successfully initialized EGL. Major : 1 Minor: 5
I0000 00:00:1758311033.213173   53489 gl_context.cc:369] GL version: 3.2 (OpenGL ES 3.2 NVIDIA 570.172.08), renderer: Tesla P100-PCIE-16GB/PCIe/SSE2
W0000 00:00:1758311033.216599   45384 face_landmarker_graph.cc:174] Sets FaceBlendshapesGraph acceleration to xnnpack by default.
W0000 00:00:1758311033.224183   53497 inference_feedback_manager.cc:114] Feedback manager requires a model with a single signature inference. Disabling support for feedback tensors.
W0000 00:00:1758311033.247978   53497 inference_feedback_manager.cc:114] Feedback manager requires a model with a single signature inference. Disabling support for feedback tensors.
I0000 00:00:1758311033.557844   45384 gl_context_egl.cc:85] Successfully initialized EGL. Major : 1 Minor: 5
I0000 00:00:1758311033.569675   53519 gl_context.cc:369] GL version: 3.2 (OpenGL ES 3.2 NVIDIA 570.172.08), renderer: Tesla P100-PCIE-16GB/PCIe/SSE2
W0000 00:00:1758311033.572823   45384 face_landmarker_graph.cc:174] Sets FaceBlendshapesGraph acceleration to xnnpack by default.
W0000 00:00:1758311033.579192   53527 inference_feedback_manager.cc:114] Feedback manager requires a model with a single signature inference. Disabling support for feedback tensors.
W0000 00:00:1758311033.602860   53527 inference_feedback_manager.cc:114] Feedback manager requires a model with a single signature inference. Disabling support for feedback tensors.
I0000 00:00:1758311033.985252   45384 gl_context_egl.cc:85] Successfully initialized EGL. Major : 1 Minor: 5
I0000 00:00:1758311033.996877   53549 gl_context.cc:369] GL version: 3.2 (OpenGL ES 3.2 NVIDIA 570.172.08), renderer: Tesla P100-PCIE-16GB/PCIe/SSE2
W0000 00:00:1758311033.999405   45384 face_landmarker_graph.cc:174] Sets FaceBlendshapesGraph acceleration to xnnpack by default.
W0000 00:00:1758311034.006841   53557 inference_feedback_manager.cc:114] Feedback manager requires a model with a single signature inference. Disabling support for feedback tensors.
W0000 00:00:1758311034.030687   53557 inference_feedback_manager.cc:114] Feedback manager requires a model with a single signature inference. Disabling support for feedback tensors.
I0000 00:00:1758311034.772048   45384 gl_context_egl.cc:85] Successfully initialized EGL. Major : 1 Minor: 5
I0000 00:00:1758311034.783905   53579 gl_context.cc:369] GL version: 3.2 (OpenGL ES 3.2 NVIDIA 570.172.08), renderer: Tesla P100-PCIE-16GB/PCIe/SSE2
W0000 00:00:1758311034.786723   45384 face_landmarker_graph.cc:174] Sets FaceBlendshapesGraph acceleration to xnnpack by default.
W0000 00:00:1758311034.793066   53587 inference_feedback_manager.cc:114] Feedback manager requires a model with a single signature inference. Disabling support for feedback tensors.
W0000 00:00:1758311034.816298   53587 inference_feedback_manager.cc:114] Feedback manager requires a model with a single signature inference. Disabling support for feedback tensors.
I0000 00:00:1758311035.667073   45384 gl_context_egl.cc:85] Successfully initialized EGL. Major : 1 Minor: 5
I0000 00:00:1758311035.678744   53609 gl_context.cc:369] GL version: 3.2 (OpenGL ES 3.2 NVIDIA 570.172.08), renderer: Tesla P100-PCIE-16GB/PCIe/SSE2
W0000 00:00:1758311035.681626   45384 face_landmarker_graph.cc:174] Sets FaceBlendshapesGraph acceleration to xnnpack by default.
W0000 00:00:1758311035.689132   53617 inference_feedback_manager.cc:114] Feedback manager requires a model with a single signature inference. Disabling support for feedback tensors.
W0000 00:00:1758311035.712797   53617 inference_feedback_manager.cc:114] Feedback manager requires a model with a single signature inference. Disabling support for feedback tensors.
I0000 00:00:1758311036.308472   45384 gl_context_egl.cc:85] Successfully initialized EGL. Major : 1 Minor: 5
I0000 00:00:1758311036.320170   53639 gl_context.cc:369] GL version: 3.2 (OpenGL ES 3.2 NVIDIA 570.172.08), renderer: Tesla P100-PCIE-16GB/PCIe/SSE2
W0000 00:00:1758311036.322412   45384 face_landmarker_graph.cc:174] Sets FaceBlendshapesGraph acceleration to xnnpack by default.
W0000 00:00:1758311036.329937   53647 inference_feedback_manager.cc:114] Feedback manager requires a model with a single signature inference. Disabling support for feedback tensors.
W0000 00:00:1758311036.353687   53647 inference_feedback_manager.cc:114] Feedback manager requires a model with a single signature inference. Disabling support for feedback tensors.
I0000 00:00:1758311038.493744   45384 gl_context_egl.cc:85] Successfully initialized EGL. Major : 1 Minor: 5
I0000 00:00:1758311038.505523   53669 gl_context.cc:369] GL version: 3.2 (OpenGL ES 3.2 NVIDIA 570.172.08), renderer: Tesla P100-PCIE-16GB/PCIe/SSE2
W0000 00:00:1758311038.507875   45384 face_landmarker_graph.cc:174] Sets FaceBlendshapesGraph acceleration to xnnpack by default.
W0000 00:00:1758311038.515217   53677 inference_feedback_manager.cc:114] Feedback manager requires a model with a single signature inference. Disabling support for feedback tensors.
W0000 00:00:1758311038.539051   53677 inference_feedback_manager.cc:114] Feedback manager requires a model with a single signature inference. Disabling support for feedback tensors.
I0000 00:00:1758311039.933068   45384 gl_context_egl.cc:85] Successfully initialized EGL. Major : 1 Minor: 5
I0000 00:00:1758311039.944937   53699 gl_context.cc:369] GL version: 3.2 (OpenGL ES 3.2 NVIDIA 570.172.08), renderer: Tesla P100-PCIE-16GB/PCIe/SSE2
W0000 00:00:1758311039.947563   45384 face_landmarker_graph.cc:174] Sets FaceBlendshapesGraph acceleration to xnnpack by default.
W0000 00:00:1758311039.954984   53707 inference_feedback_manager.cc:114] Feedback manager requires a model with a single signature inference. Disabling support for feedback tensors.
W0000 00:00:1758311039.978691   53707 inference_feedback_manager.cc:114] Feedback manager requires a model with a single signature inference. Disabling support for feedback tensors.
I0000 00:00:1758311040.667533   45384 gl_context_egl.cc:85] Successfully initialized EGL. Major : 1 Minor: 5
I0000 00:00:1758311040.679176   53729 gl_context.cc:369] GL version: 3.2 (OpenGL ES 3.2 NVIDIA 570.172.08), renderer: Tesla P100-PCIE-16GB/PCIe/SSE2
W0000 00:00:1758311040.681869   45384 face_landmarker_graph.cc:174] Sets FaceBlendshapesGraph acceleration to xnnpack by default.
W0000 00:00:1758311040.689402   53737 inference_feedback_manager.cc:114] Feedback manager requires a model with a single signature inference. Disabling support for feedback tensors.
W0000 00:00:1758311040.713031   53737 inference_feedback_manager.cc:114] Feedback manager requires a model with a single signature inference. Disabling support for feedback tensors.
I0000 00:00:1758311041.153375   45384 gl_context_egl.cc:85] Successfully initialized EGL. Major : 1 Minor: 5
I0000 00:00:1758311041.166038   53759 gl_context.cc:369] GL version: 3.2 (OpenGL ES 3.2 NVIDIA 570.172.08), renderer: Tesla P100-PCIE-16GB/PCIe/SSE2
W0000 00:00:1758311041.168607   45384 face_landmarker_graph.cc:174] Sets FaceBlendshapesGraph acceleration to xnnpack by default.
W0000 00:00:1758311041.175030   53767 inference_feedback_manager.cc:114] Feedback manager requires a model with a single signature inference. Disabling support for feedback tensors.
W0000 00:00:1758311041.198911   53767 inference_feedback_manager.cc:114] Feedback manager requires a model with a single signature inference. Disabling support for feedback tensors.
I0000 00:00:1758311041.674751   45384 gl_context_egl.cc:85] Successfully initialized EGL. Major : 1 Minor: 5
I0000 00:00:1758311041.687296   53869 gl_context.cc:369] GL version: 3.2 (OpenGL ES 3.2 NVIDIA 570.172.08), renderer: Tesla P100-PCIE-16GB/PCIe/SSE2
W0000 00:00:1758311041.689720   45384 face_landmarker_graph.cc:174] Sets FaceBlendshapesGraph acceleration to xnnpack by default.
W0000 00:00:1758311041.697462   53877 inference_feedback_manager.cc:114] Feedback manager requires a model with a single signature inference. Disabling support for feedback tensors.
W0000 00:00:1758311041.721247   53877 inference_feedback_manager.cc:114] Feedback manager requires a model with a single signature inference. Disabling support for feedback tensors.
I0000 00:00:1758311042.545197   45384 gl_context_egl.cc:85] Successfully initialized EGL. Major : 1 Minor: 5
I0000 00:00:1758311042.556999   53899 gl_context.cc:369] GL version: 3.2 (OpenGL ES 3.2 NVIDIA 570.172.08), renderer: Tesla P100-PCIE-16GB/PCIe/SSE2
W0000 00:00:1758311042.559539   45384 face_landmarker_graph.cc:174] Sets FaceBlendshapesGraph acceleration to xnnpack by default.
W0000 00:00:1758311042.567108   53907 inference_feedback_manager.cc:114] Feedback manager requires a model with a single signature inference. Disabling support for feedback tensors.
W0000 00:00:1758311042.590602   53907 inference_feedback_manager.cc:114] Feedback manager requires a model with a single signature inference. Disabling support for feedback tensors.
I0000 00:00:1758311044.333104   45384 gl_context_egl.cc:85] Successfully initialized EGL. Major : 1 Minor: 5
I0000 00:00:1758311044.344827   53929 gl_context.cc:369] GL version: 3.2 (OpenGL ES 3.2 NVIDIA 570.172.08), renderer: Tesla P100-PCIE-16GB/PCIe/SSE2
W0000 00:00:1758311044.347970   45384 face_landmarker_graph.cc:174] Sets FaceBlendshapesGraph acceleration to xnnpack by default.
W0000 00:00:1758311044.354209   53937 inference_feedback_manager.cc:114] Feedback manager requires a model with a single signature inference. Disabling support for feedback tensors.
W0000 00:00:1758311044.377625   53937 inference_feedback_manager.cc:114] Feedback manager requires a model with a single signature inference. Disabling support for feedback tensors.
I0000 00:00:1758311044.770848   45384 gl_context_egl.cc:85] Successfully initialized EGL. Major : 1 Minor: 5
I0000 00:00:1758311044.782788   53959 gl_context.cc:369] GL version: 3.2 (OpenGL ES 3.2 NVIDIA 570.172.08), renderer: Tesla P100-PCIE-16GB/PCIe/SSE2
W0000 00:00:1758311044.786869   45384 face_landmarker_graph.cc:174] Sets FaceBlendshapesGraph acceleration to xnnpack by default.
W0000 00:00:1758311044.793528   53967 inference_feedback_manager.cc:114] Feedback manager requires a model with a single signature inference. Disabling support for feedback tensors.
W0000 00:00:1758311044.816935   53967 inference_feedback_manager.cc:114] Feedback manager requires a model with a single signature inference. Disabling support for feedback tensors.
I0000 00:00:1758311046.285755   45384 gl_context_egl.cc:85] Successfully initialized EGL. Major : 1 Minor: 5
I0000 00:00:1758311046.297597   53989 gl_context.cc:369] GL version: 3.2 (OpenGL ES 3.2 NVIDIA 570.172.08), renderer: Tesla P100-PCIE-16GB/PCIe/SSE2
W0000 00:00:1758311046.299853   45384 face_landmarker_graph.cc:174] Sets FaceBlendshapesGraph acceleration to xnnpack by default.
W0000 00:00:1758311046.308033   53997 inference_feedback_manager.cc:114] Feedback manager requires a model with a single signature inference. Disabling support for feedback tensors.
W0000 00:00:1758311046.329613   54000 inference_feedback_manager.cc:114] Feedback manager requires a model with a single signature inference. Disabling support for feedback tensors.
I0000 00:00:1758311047.186093   45384 gl_context_egl.cc:85] Successfully initialized EGL. Major : 1 Minor: 5
I0000 00:00:1758311047.197919   54019 gl_context.cc:369] GL version: 3.2 (OpenGL ES 3.2 NVIDIA 570.172.08), renderer: Tesla P100-PCIE-16GB/PCIe/SSE2
W0000 00:00:1758311047.200187   45384 face_landmarker_graph.cc:174] Sets FaceBlendshapesGraph acceleration to xnnpack by default.
W0000 00:00:1758311047.207984   54027 inference_feedback_manager.cc:114] Feedback manager requires a model with a single signature inference. Disabling support for feedback tensors.
W0000 00:00:1758311047.231281   54027 inference_feedback_manager.cc:114] Feedback manager requires a model with a single signature inference. Disabling support for feedback tensors.
I0000 00:00:1758311047.976673   45384 gl_context_egl.cc:85] Successfully initialized EGL. Major : 1 Minor: 5
I0000 00:00:1758311047.988308   54049 gl_context.cc:369] GL version: 3.2 (OpenGL ES 3.2 NVIDIA 570.172.08), renderer: Tesla P100-PCIE-16GB/PCIe/SSE2
W0000 00:00:1758311047.991717   45384 face_landmarker_graph.cc:174] Sets FaceBlendshapesGraph acceleration to xnnpack by default.
W0000 00:00:1758311047.997957   54057 inference_feedback_manager.cc:114] Feedback manager requires a model with a single signature inference. Disabling support for feedback tensors.
W0000 00:00:1758311048.021313   54057 inference_feedback_manager.cc:114] Feedback manager requires a model with a single signature inference. Disabling support for feedback tensors.
I0000 00:00:1758311048.748823   45384 gl_context_egl.cc:85] Successfully initialized EGL. Major : 1 Minor: 5
I0000 00:00:1758311048.760604   54079 gl_context.cc:369] GL version: 3.2 (OpenGL ES 3.2 NVIDIA 570.172.08), renderer: Tesla P100-PCIE-16GB/PCIe/SSE2
W0000 00:00:1758311048.763016   45384 face_landmarker_graph.cc:174] Sets FaceBlendshapesGraph acceleration to xnnpack by default.
W0000 00:00:1758311048.771006   54087 inference_feedback_manager.cc:114] Feedback manager requires a model with a single signature inference. Disabling support for feedback tensors.
W0000 00:00:1758311048.794798   54087 inference_feedback_manager.cc:114] Feedback manager requires a model with a single signature inference. Disabling support for feedback tensors.
I0000 00:00:1758311049.517540   45384 gl_context_egl.cc:85] Successfully initialized EGL. Major : 1 Minor: 5
I0000 00:00:1758311049.529168   54109 gl_context.cc:369] GL version: 3.2 (OpenGL ES 3.2 NVIDIA 570.172.08), renderer: Tesla P100-PCIE-16GB/PCIe/SSE2
W0000 00:00:1758311049.531581   45384 face_landmarker_graph.cc:174] Sets FaceBlendshapesGraph acceleration to xnnpack by default.
W0000 00:00:1758311049.537940   54117 inference_feedback_manager.cc:114] Feedback manager requires a model with a single signature inference. Disabling support for feedback tensors.
W0000 00:00:1758311049.561089   54117 inference_feedback_manager.cc:114] Feedback manager requires a model with a single signature inference. Disabling support for feedback tensors.
I0000 00:00:1758311050.109097   45384 gl_context_egl.cc:85] Successfully initialized EGL. Major : 1 Minor: 5
I0000 00:00:1758311050.121095   54139 gl_context.cc:369] GL version: 3.2 (OpenGL ES 3.2 NVIDIA 570.172.08), renderer: Tesla P100-PCIE-16GB/PCIe/SSE2
W0000 00:00:1758311050.123294   45384 face_landmarker_graph.cc:174] Sets FaceBlendshapesGraph acceleration to xnnpack by default.
W0000 00:00:1758311050.129674   54147 inference_feedback_manager.cc:114] Feedback manager requires a model with a single signature inference. Disabling support for feedback tensors.
W0000 00:00:1758311050.153402   54147 inference_feedback_manager.cc:114] Feedback manager requires a model with a single signature inference. Disabling support for feedback tensors.
I0000 00:00:1758311050.956961   45384 gl_context_egl.cc:85] Successfully initialized EGL. Major : 1 Minor: 5
I0000 00:00:1758311050.968641   54169 gl_context.cc:369] GL version: 3.2 (OpenGL ES 3.2 NVIDIA 570.172.08), renderer: Tesla P100-PCIE-16GB/PCIe/SSE2
W0000 00:00:1758311050.972935   45384 face_landmarker_graph.cc:174] Sets FaceBlendshapesGraph acceleration to xnnpack by default.
W0000 00:00:1758311050.980370   54177 inference_feedback_manager.cc:114] Feedback manager requires a model with a single signature inference. Disabling support for feedback tensors.
W0000 00:00:1758311051.004253   54177 inference_feedback_manager.cc:114] Feedback manager requires a model with a single signature inference. Disabling support for feedback tensors.
I0000 00:00:1758311051.512697   45384 gl_context_egl.cc:85] Successfully initialized EGL. Major : 1 Minor: 5
I0000 00:00:1758311051.524550   54199 gl_context.cc:369] GL version: 3.2 (OpenGL ES 3.2 NVIDIA 570.172.08), renderer: Tesla P100-PCIE-16GB/PCIe/SSE2
W0000 00:00:1758311051.526688   45384 face_landmarker_graph.cc:174] Sets FaceBlendshapesGraph acceleration to xnnpack by default.
W0000 00:00:1758311051.533047   54207 inference_feedback_manager.cc:114] Feedback manager requires a model with a single signature inference. Disabling support for feedback tensors.
W0000 00:00:1758311051.556219   54207 inference_feedback_manager.cc:114] Feedback manager requires a model with a single signature inference. Disabling support for feedback tensors.
I0000 00:00:1758311052.107387   45384 gl_context_egl.cc:85] Successfully initialized EGL. Major : 1 Minor: 5
I0000 00:00:1758311052.119122   54229 gl_context.cc:369] GL version: 3.2 (OpenGL ES 3.2 NVIDIA 570.172.08), renderer: Tesla P100-PCIE-16GB/PCIe/SSE2
W0000 00:00:1758311052.121280   45384 face_landmarker_graph.cc:174] Sets FaceBlendshapesGraph acceleration to xnnpack by default.
W0000 00:00:1758311052.127604   54237 inference_feedback_manager.cc:114] Feedback manager requires a model with a single signature inference. Disabling support for feedback tensors.
W0000 00:00:1758311052.150830   54237 inference_feedback_manager.cc:114] Feedback manager requires a model with a single signature inference. Disabling support for feedback tensors.
I0000 00:00:1758311053.036710   45384 gl_context_egl.cc:85] Successfully initialized EGL. Major : 1 Minor: 5
I0000 00:00:1758311053.048598   54259 gl_context.cc:369] GL version: 3.2 (OpenGL ES 3.2 NVIDIA 570.172.08), renderer: Tesla P100-PCIE-16GB/PCIe/SSE2
W0000 00:00:1758311053.051166   45384 face_landmarker_graph.cc:174] Sets FaceBlendshapesGraph acceleration to xnnpack by default.
W0000 00:00:1758311053.057442   54267 inference_feedback_manager.cc:114] Feedback manager requires a model with a single signature inference. Disabling support for feedback tensors.
W0000 00:00:1758311053.080903   54267 inference_feedback_manager.cc:114] Feedback manager requires a model with a single signature inference. Disabling support for feedback tensors.
I0000 00:00:1758311054.164176   45384 gl_context_egl.cc:85] Successfully initialized EGL. Major : 1 Minor: 5
I0000 00:00:1758311054.176570   54289 gl_context.cc:369] GL version: 3.2 (OpenGL ES 3.2 NVIDIA 570.172.08), renderer: Tesla P100-PCIE-16GB/PCIe/SSE2
W0000 00:00:1758311054.179795   45384 face_landmarker_graph.cc:174] Sets FaceBlendshapesGraph acceleration to xnnpack by default.
W0000 00:00:1758311054.186079   54297 inference_feedback_manager.cc:114] Feedback manager requires a model with a single signature inference. Disabling support for feedback tensors.
W0000 00:00:1758311054.209486   54297 inference_feedback_manager.cc:114] Feedback manager requires a model with a single signature inference. Disabling support for feedback tensors.
I0000 00:00:1758311054.828014   45384 gl_context_egl.cc:85] Successfully initialized EGL. Major : 1 Minor: 5
I0000 00:00:1758311054.840182   54319 gl_context.cc:369] GL version: 3.2 (OpenGL ES 3.2 NVIDIA 570.172.08), renderer: Tesla P100-PCIE-16GB/PCIe/SSE2
W0000 00:00:1758311054.843961   45384 face_landmarker_graph.cc:174] Sets FaceBlendshapesGraph acceleration to xnnpack by default.
W0000 00:00:1758311054.850442   54327 inference_feedback_manager.cc:114] Feedback manager requires a model with a single signature inference. Disabling support for feedback tensors.
W0000 00:00:1758311054.873851   54327 inference_feedback_manager.cc:114] Feedback manager requires a model with a single signature inference. Disabling support for feedback tensors.
I0000 00:00:1758311055.404686   45384 gl_context_egl.cc:85] Successfully initialized EGL. Major : 1 Minor: 5
I0000 00:00:1758311055.416388   54349 gl_context.cc:369] GL version: 3.2 (OpenGL ES 3.2 NVIDIA 570.172.08), renderer: Tesla P100-PCIE-16GB/PCIe/SSE2
W0000 00:00:1758311055.418853   45384 face_landmarker_graph.cc:174] Sets FaceBlendshapesGraph acceleration to xnnpack by default.
W0000 00:00:1758311055.425173   54357 inference_feedback_manager.cc:114] Feedback manager requires a model with a single signature inference. Disabling support for feedback tensors.
W0000 00:00:1758311055.448456   54357 inference_feedback_manager.cc:114] Feedback manager requires a model with a single signature inference. Disabling support for feedback tensors.
I0000 00:00:1758311056.315739   45384 gl_context_egl.cc:85] Successfully initialized EGL. Major : 1 Minor: 5
I0000 00:00:1758311056.327621   54379 gl_context.cc:369] GL version: 3.2 (OpenGL ES 3.2 NVIDIA 570.172.08), renderer: Tesla P100-PCIE-16GB/PCIe/SSE2
W0000 00:00:1758311056.330068   45384 face_landmarker_graph.cc:174] Sets FaceBlendshapesGraph acceleration to xnnpack by default.
W0000 00:00:1758311056.337581   54387 inference_feedback_manager.cc:114] Feedback manager requires a model with a single signature inference. Disabling support for feedback tensors.
W0000 00:00:1758311056.361473   54387 inference_feedback_manager.cc:114] Feedback manager requires a model with a single signature inference. Disabling support for feedback tensors.
I0000 00:00:1758311057.487838   45384 gl_context_egl.cc:85] Successfully initialized EGL. Major : 1 Minor: 5
I0000 00:00:1758311057.499518   54409 gl_context.cc:369] GL version: 3.2 (OpenGL ES 3.2 NVIDIA 570.172.08), renderer: Tesla P100-PCIE-16GB/PCIe/SSE2
W0000 00:00:1758311057.501494   45384 face_landmarker_graph.cc:174] Sets FaceBlendshapesGraph acceleration to xnnpack by default.
W0000 00:00:1758311057.507816   54417 inference_feedback_manager.cc:114] Feedback manager requires a model with a single signature inference. Disabling support for feedback tensors.
W0000 00:00:1758311057.531083   54417 inference_feedback_manager.cc:114] Feedback manager requires a model with a single signature inference. Disabling support for feedback tensors.
I0000 00:00:1758311058.356803   45384 gl_context_egl.cc:85] Successfully initialized EGL. Major : 1 Minor: 5
I0000 00:00:1758311058.368864   54479 gl_context.cc:369] GL version: 3.2 (OpenGL ES 3.2 NVIDIA 570.172.08), renderer: Tesla P100-PCIE-16GB/PCIe/SSE2
W0000 00:00:1758311058.371605   45384 face_landmarker_graph.cc:174] Sets FaceBlendshapesGraph acceleration to xnnpack by default.
W0000 00:00:1758311058.377944   54487 inference_feedback_manager.cc:114] Feedback manager requires a model with a single signature inference. Disabling support for feedback tensors.
W0000 00:00:1758311058.401617   54487 inference_feedback_manager.cc:114] Feedback manager requires a model with a single signature inference. Disabling support for feedback tensors.
I0000 00:00:1758311059.047511   45384 gl_context_egl.cc:85] Successfully initialized EGL. Major : 1 Minor: 5
I0000 00:00:1758311059.059706   54515 gl_context.cc:369] GL version: 3.2 (OpenGL ES 3.2 NVIDIA 570.172.08), renderer: Tesla P100-PCIE-16GB/PCIe/SSE2
W0000 00:00:1758311059.062034   45384 face_landmarker_graph.cc:174] Sets FaceBlendshapesGraph acceleration to xnnpack by default.
W0000 00:00:1758311059.068512   54523 inference_feedback_manager.cc:114] Feedback manager requires a model with a single signature inference. Disabling support for feedback tensors.
W0000 00:00:1758311059.095509   54523 inference_feedback_manager.cc:114] Feedback manager requires a model with a single signature inference. Disabling support for feedback tensors.
I0000 00:00:1758311059.915217   45384 gl_context_egl.cc:85] Successfully initialized EGL. Major : 1 Minor: 5
I0000 00:00:1758311059.927269   54549 gl_context.cc:369] GL version: 3.2 (OpenGL ES 3.2 NVIDIA 570.172.08), renderer: Tesla P100-PCIE-16GB/PCIe/SSE2
W0000 00:00:1758311059.929452   45384 face_landmarker_graph.cc:174] Sets FaceBlendshapesGraph acceleration to xnnpack by default.
W0000 00:00:1758311059.935921   54557 inference_feedback_manager.cc:114] Feedback manager requires a model with a single signature inference. Disabling support for feedback tensors.
W0000 00:00:1758311059.959382   54557 inference_feedback_manager.cc:114] Feedback manager requires a model with a single signature inference. Disabling support for feedback tensors.
I0000 00:00:1758311060.657121   45384 gl_context_egl.cc:85] Successfully initialized EGL. Major : 1 Minor: 5
I0000 00:00:1758311060.668898   54579 gl_context.cc:369] GL version: 3.2 (OpenGL ES 3.2 NVIDIA 570.172.08), renderer: Tesla P100-PCIE-16GB/PCIe/SSE2
W0000 00:00:1758311060.672299   45384 face_landmarker_graph.cc:174] Sets FaceBlendshapesGraph acceleration to xnnpack by default.
W0000 00:00:1758311060.678767   54587 inference_feedback_manager.cc:114] Feedback manager requires a model with a single signature inference. Disabling support for feedback tensors.
W0000 00:00:1758311060.702423   54587 inference_feedback_manager.cc:114] Feedback manager requires a model with a single signature inference. Disabling support for feedback tensors.
I0000 00:00:1758311061.292133   45384 gl_context_egl.cc:85] Successfully initialized EGL. Major : 1 Minor: 5
I0000 00:00:1758311061.303950   54609 gl_context.cc:369] GL version: 3.2 (OpenGL ES 3.2 NVIDIA 570.172.08), renderer: Tesla P100-PCIE-16GB/PCIe/SSE2
W0000 00:00:1758311061.306012   45384 face_landmarker_graph.cc:174] Sets FaceBlendshapesGraph acceleration to xnnpack by default.
W0000 00:00:1758311061.313457   54617 inference_feedback_manager.cc:114] Feedback manager requires a model with a single signature inference. Disabling support for feedback tensors.
W0000 00:00:1758311061.337203   54617 inference_feedback_manager.cc:114] Feedback manager requires a model with a single signature inference. Disabling support for feedback tensors.
I0000 00:00:1758311061.893495   45384 gl_context_egl.cc:85] Successfully initialized EGL. Major : 1 Minor: 5
I0000 00:00:1758311061.905227   54639 gl_context.cc:369] GL version: 3.2 (OpenGL ES 3.2 NVIDIA 570.172.08), renderer: Tesla P100-PCIE-16GB/PCIe/SSE2
W0000 00:00:1758311061.907325   45384 face_landmarker_graph.cc:174] Sets FaceBlendshapesGraph acceleration to xnnpack by default.
W0000 00:00:1758311061.913906   54647 inference_feedback_manager.cc:114] Feedback manager requires a model with a single signature inference. Disabling support for feedback tensors.
W0000 00:00:1758311061.937517   54647 inference_feedback_manager.cc:114] Feedback manager requires a model with a single signature inference. Disabling support for feedback tensors.
I0000 00:00:1758311062.366603   45384 gl_context_egl.cc:85] Successfully initialized EGL. Major : 1 Minor: 5
I0000 00:00:1758311062.378341   54669 gl_context.cc:369] GL version: 3.2 (OpenGL ES 3.2 NVIDIA 570.172.08), renderer: Tesla P100-PCIE-16GB/PCIe/SSE2
W0000 00:00:1758311062.381385   45384 face_landmarker_graph.cc:174] Sets FaceBlendshapesGraph acceleration to xnnpack by default.
W0000 00:00:1758311062.387952   54677 inference_feedback_manager.cc:114] Feedback manager requires a model with a single signature inference. Disabling support for feedback tensors.
W0000 00:00:1758311062.409704   54680 inference_feedback_manager.cc:114] Feedback manager requires a model with a single signature inference. Disabling support for feedback tensors.
I0000 00:00:1758311063.083375   45384 gl_context_egl.cc:85] Successfully initialized EGL. Major : 1 Minor: 5
I0000 00:00:1758311063.095055   54699 gl_context.cc:369] GL version: 3.2 (OpenGL ES 3.2 NVIDIA 570.172.08), renderer: Tesla P100-PCIE-16GB/PCIe/SSE2
W0000 00:00:1758311063.097403   45384 face_landmarker_graph.cc:174] Sets FaceBlendshapesGraph acceleration to xnnpack by default.
W0000 00:00:1758311063.106814   54707 inference_feedback_manager.cc:114] Feedback manager requires a model with a single signature inference. Disabling support for feedback tensors.
W0000 00:00:1758311063.128429   54710 inference_feedback_manager.cc:114] Feedback manager requires a model with a single signature inference. Disabling support for feedback tensors.
I0000 00:00:1758311063.558977   45384 gl_context_egl.cc:85] Successfully initialized EGL. Major : 1 Minor: 5
I0000 00:00:1758311063.570930   54729 gl_context.cc:369] GL version: 3.2 (OpenGL ES 3.2 NVIDIA 570.172.08), renderer: Tesla P100-PCIE-16GB/PCIe/SSE2
W0000 00:00:1758311063.572974   45384 face_landmarker_graph.cc:174] Sets FaceBlendshapesGraph acceleration to xnnpack by default.
W0000 00:00:1758311063.579217   54737 inference_feedback_manager.cc:114] Feedback manager requires a model with a single signature inference. Disabling support for feedback tensors.
W0000 00:00:1758311063.602553   54737 inference_feedback_manager.cc:114] Feedback manager requires a model with a single signature inference. Disabling support for feedback tensors.
I0000 00:00:1758311065.142551   45384 gl_context_egl.cc:85] Successfully initialized EGL. Major : 1 Minor: 5
I0000 00:00:1758311065.154266   54759 gl_context.cc:369] GL version: 3.2 (OpenGL ES 3.2 NVIDIA 570.172.08), renderer: Tesla P100-PCIE-16GB/PCIe/SSE2
W0000 00:00:1758311065.163990   45384 face_landmarker_graph.cc:174] Sets FaceBlendshapesGraph acceleration to xnnpack by default.
W0000 00:00:1758311065.170306   54767 inference_feedback_manager.cc:114] Feedback manager requires a model with a single signature inference. Disabling support for feedback tensors.
W0000 00:00:1758311065.187011   54767 inference_feedback_manager.cc:114] Feedback manager requires a model with a single signature inference. Disabling support for feedback tensors.
I0000 00:00:1758311065.695229   45384 gl_context_egl.cc:85] Successfully initialized EGL. Major : 1 Minor: 5
I0000 00:00:1758311065.706951   54789 gl_context.cc:369] GL version: 3.2 (OpenGL ES 3.2 NVIDIA 570.172.08), renderer: Tesla P100-PCIE-16GB/PCIe/SSE2
W0000 00:00:1758311065.714756   45384 face_landmarker_graph.cc:174] Sets FaceBlendshapesGraph acceleration to xnnpack by default.
W0000 00:00:1758311065.721285   54797 inference_feedback_manager.cc:114] Feedback manager requires a model with a single signature inference. Disabling support for feedback tensors.
W0000 00:00:1758311065.744708   54797 inference_feedback_manager.cc:114] Feedback manager requires a model with a single signature inference. Disabling support for feedback tensors.
I0000 00:00:1758311066.818475   45384 gl_context_egl.cc:85] Successfully initialized EGL. Major : 1 Minor: 5
I0000 00:00:1758311066.830296   54819 gl_context.cc:369] GL version: 3.2 (OpenGL ES 3.2 NVIDIA 570.172.08), renderer: Tesla P100-PCIE-16GB/PCIe/SSE2
W0000 00:00:1758311066.836494   45384 face_landmarker_graph.cc:174] Sets FaceBlendshapesGraph acceleration to xnnpack by default.
W0000 00:00:1758311066.842735   54827 inference_feedback_manager.cc:114] Feedback manager requires a model with a single signature inference. Disabling support for feedback tensors.
W0000 00:00:1758311066.866114   54827 inference_feedback_manager.cc:114] Feedback manager requires a model with a single signature inference. Disabling support for feedback tensors.
I0000 00:00:1758311067.662423   45384 gl_context_egl.cc:85] Successfully initialized EGL. Major : 1 Minor: 5
I0000 00:00:1758311067.674201   54849 gl_context.cc:369] GL version: 3.2 (OpenGL ES 3.2 NVIDIA 570.172.08), renderer: Tesla P100-PCIE-16GB/PCIe/SSE2
W0000 00:00:1758311067.676884   45384 face_landmarker_graph.cc:174] Sets FaceBlendshapesGraph acceleration to xnnpack by default.
W0000 00:00:1758311067.683264   54857 inference_feedback_manager.cc:114] Feedback manager requires a model with a single signature inference. Disabling support for feedback tensors.
W0000 00:00:1758311067.706616   54857 inference_feedback_manager.cc:114] Feedback manager requires a model with a single signature inference. Disabling support for feedback tensors.
I0000 00:00:1758311068.382624   45384 gl_context_egl.cc:85] Successfully initialized EGL. Major : 1 Minor: 5
I0000 00:00:1758311068.395007   54879 gl_context.cc:369] GL version: 3.2 (OpenGL ES 3.2 NVIDIA 570.172.08), renderer: Tesla P100-PCIE-16GB/PCIe/SSE2
W0000 00:00:1758311068.397483   45384 face_landmarker_graph.cc:174] Sets FaceBlendshapesGraph acceleration to xnnpack by default.
W0000 00:00:1758311068.405802   54887 inference_feedback_manager.cc:114] Feedback manager requires a model with a single signature inference. Disabling support for feedback tensors.
W0000 00:00:1758311068.427316   54890 inference_feedback_manager.cc:114] Feedback manager requires a model with a single signature inference. Disabling support for feedback tensors.
I0000 00:00:1758311069.812261   45384 gl_context_egl.cc:85] Successfully initialized EGL. Major : 1 Minor: 5
I0000 00:00:1758311069.824016   54911 gl_context.cc:369] GL version: 3.2 (OpenGL ES 3.2 NVIDIA 570.172.08), renderer: Tesla P100-PCIE-16GB/PCIe/SSE2
W0000 00:00:1758311069.827520   45384 face_landmarker_graph.cc:174] Sets FaceBlendshapesGraph acceleration to xnnpack by default.
W0000 00:00:1758311069.833912   54919 inference_feedback_manager.cc:114] Feedback manager requires a model with a single signature inference. Disabling support for feedback tensors.
W0000 00:00:1758311069.857223   54919 inference_feedback_manager.cc:114] Feedback manager requires a model with a single signature inference. Disabling support for feedback tensors.
I0000 00:00:1758311070.555886   45384 gl_context_egl.cc:85] Successfully initialized EGL. Major : 1 Minor: 5
I0000 00:00:1758311070.567555   54941 gl_context.cc:369] GL version: 3.2 (OpenGL ES 3.2 NVIDIA 570.172.08), renderer: Tesla P100-PCIE-16GB/PCIe/SSE2
W0000 00:00:1758311070.570355   45384 face_landmarker_graph.cc:174] Sets FaceBlendshapesGraph acceleration to xnnpack by default.
W0000 00:00:1758311070.577942   54949 inference_feedback_manager.cc:114] Feedback manager requires a model with a single signature inference. Disabling support for feedback tensors.
W0000 00:00:1758311070.601544   54949 inference_feedback_manager.cc:114] Feedback manager requires a model with a single signature inference. Disabling support for feedback tensors.
I0000 00:00:1758311071.369213   45384 gl_context_egl.cc:85] Successfully initialized EGL. Major : 1 Minor: 5
I0000 00:00:1758311071.381024   54971 gl_context.cc:369] GL version: 3.2 (OpenGL ES 3.2 NVIDIA 570.172.08), renderer: Tesla P100-PCIE-16GB/PCIe/SSE2
W0000 00:00:1758311071.384646   45384 face_landmarker_graph.cc:174] Sets FaceBlendshapesGraph acceleration to xnnpack by default.
W0000 00:00:1758311071.393131   54979 inference_feedback_manager.cc:114] Feedback manager requires a model with a single signature inference. Disabling support for feedback tensors.
W0000 00:00:1758311071.414367   54982 inference_feedback_manager.cc:114] Feedback manager requires a model with a single signature inference. Disabling support for feedback tensors.
I0000 00:00:1758311072.939620   45384 gl_context_egl.cc:85] Successfully initialized EGL. Major : 1 Minor: 5
I0000 00:00:1758311072.951238   55001 gl_context.cc:369] GL version: 3.2 (OpenGL ES 3.2 NVIDIA 570.172.08), renderer: Tesla P100-PCIE-16GB/PCIe/SSE2
W0000 00:00:1758311072.954243   45384 face_landmarker_graph.cc:174] Sets FaceBlendshapesGraph acceleration to xnnpack by default.
W0000 00:00:1758311072.960605   55009 inference_feedback_manager.cc:114] Feedback manager requires a model with a single signature inference. Disabling support for feedback tensors.
W0000 00:00:1758311072.984567   55009 inference_feedback_manager.cc:114] Feedback manager requires a model with a single signature inference. Disabling support for feedback tensors.
I0000 00:00:1758311073.815594   45384 gl_context_egl.cc:85] Successfully initialized EGL. Major : 1 Minor: 5
I0000 00:00:1758311073.827322   55031 gl_context.cc:369] GL version: 3.2 (OpenGL ES 3.2 NVIDIA 570.172.08), renderer: Tesla P100-PCIE-16GB/PCIe/SSE2
W0000 00:00:1758311073.829285   45384 face_landmarker_graph.cc:174] Sets FaceBlendshapesGraph acceleration to xnnpack by default.
W0000 00:00:1758311073.836838   55039 inference_feedback_manager.cc:114] Feedback manager requires a model with a single signature inference. Disabling support for feedback tensors.
W0000 00:00:1758311073.860475   55039 inference_feedback_manager.cc:114] Feedback manager requires a model with a single signature inference. Disabling support for feedback tensors.
I0000 00:00:1758311074.618017   45384 gl_context_egl.cc:85] Successfully initialized EGL. Major : 1 Minor: 5
I0000 00:00:1758311074.629682   55061 gl_context.cc:369] GL version: 3.2 (OpenGL ES 3.2 NVIDIA 570.172.08), renderer: Tesla P100-PCIE-16GB/PCIe/SSE2
W0000 00:00:1758311074.632991   45384 face_landmarker_graph.cc:174] Sets FaceBlendshapesGraph acceleration to xnnpack by default.
W0000 00:00:1758311074.639356   55069 inference_feedback_manager.cc:114] Feedback manager requires a model with a single signature inference. Disabling support for feedback tensors.
W0000 00:00:1758311074.663138   55069 inference_feedback_manager.cc:114] Feedback manager requires a model with a single signature inference. Disabling support for feedback tensors.
I0000 00:00:1758311077.343357   45384 gl_context_egl.cc:85] Successfully initialized EGL. Major : 1 Minor: 5
I0000 00:00:1758311077.355343   55092 gl_context.cc:369] GL version: 3.2 (OpenGL ES 3.2 NVIDIA 570.172.08), renderer: Tesla P100-PCIE-16GB/PCIe/SSE2
W0000 00:00:1758311077.358030   45384 face_landmarker_graph.cc:174] Sets FaceBlendshapesGraph acceleration to xnnpack by default.
W0000 00:00:1758311077.365807   55100 inference_feedback_manager.cc:114] Feedback manager requires a model with a single signature inference. Disabling support for feedback tensors.
W0000 00:00:1758311077.389310   55103 inference_feedback_manager.cc:114] Feedback manager requires a model with a single signature inference. Disabling support for feedback tensors.
I0000 00:00:1758311078.187374   45384 gl_context_egl.cc:85] Successfully initialized EGL. Major : 1 Minor: 5
I0000 00:00:1758311078.199044   55122 gl_context.cc:369] GL version: 3.2 (OpenGL ES 3.2 NVIDIA 570.172.08), renderer: Tesla P100-PCIE-16GB/PCIe/SSE2
W0000 00:00:1758311078.201134   45384 face_landmarker_graph.cc:174] Sets FaceBlendshapesGraph acceleration to xnnpack by default.
W0000 00:00:1758311078.207447   55130 inference_feedback_manager.cc:114] Feedback manager requires a model with a single signature inference. Disabling support for feedback tensors.
W0000 00:00:1758311078.230984   55130 inference_feedback_manager.cc:114] Feedback manager requires a model with a single signature inference. Disabling support for feedback tensors.
I0000 00:00:1758311078.777971   45384 gl_context_egl.cc:85] Successfully initialized EGL. Major : 1 Minor: 5
I0000 00:00:1758311078.789820   55152 gl_context.cc:369] GL version: 3.2 (OpenGL ES 3.2 NVIDIA 570.172.08), renderer: Tesla P100-PCIE-16GB/PCIe/SSE2
W0000 00:00:1758311078.791889   45384 face_landmarker_graph.cc:174] Sets FaceBlendshapesGraph acceleration to xnnpack by default.
W0000 00:00:1758311078.799775   55160 inference_feedback_manager.cc:114] Feedback manager requires a model with a single signature inference. Disabling support for feedback tensors.
W0000 00:00:1758311078.823499   55160 inference_feedback_manager.cc:114] Feedback manager requires a model with a single signature inference. Disabling support for feedback tensors.
I0000 00:00:1758311081.513530   45384 gl_context_egl.cc:85] Successfully initialized EGL. Major : 1 Minor: 5
I0000 00:00:1758311081.525928   55182 gl_context.cc:369] GL version: 3.2 (OpenGL ES 3.2 NVIDIA 570.172.08), renderer: Tesla P100-PCIE-16GB/PCIe/SSE2
W0000 00:00:1758311081.529657   45384 face_landmarker_graph.cc:174] Sets FaceBlendshapesGraph acceleration to xnnpack by default.
W0000 00:00:1758311081.538096   55190 inference_feedback_manager.cc:114] Feedback manager requires a model with a single signature inference. Disabling support for feedback tensors.
W0000 00:00:1758311081.559544   55192 inference_feedback_manager.cc:114] Feedback manager requires a model with a single signature inference. Disabling support for feedback tensors.
I0000 00:00:1758311082.419579   45384 gl_context_egl.cc:85] Successfully initialized EGL. Major : 1 Minor: 5
I0000 00:00:1758311082.431510   55212 gl_context.cc:369] GL version: 3.2 (OpenGL ES 3.2 NVIDIA 570.172.08), renderer: Tesla P100-PCIE-16GB/PCIe/SSE2
W0000 00:00:1758311082.434482   45384 face_landmarker_graph.cc:174] Sets FaceBlendshapesGraph acceleration to xnnpack by default.
W0000 00:00:1758311082.441011   55220 inference_feedback_manager.cc:114] Feedback manager requires a model with a single signature inference. Disabling support for feedback tensors.
W0000 00:00:1758311082.455103   55220 inference_feedback_manager.cc:114] Feedback manager requires a model with a single signature inference. Disabling support for feedback tensors.
I0000 00:00:1758311083.917471   45384 gl_context_egl.cc:85] Successfully initialized EGL. Major : 1 Minor: 5
I0000 00:00:1758311083.929297   55242 gl_context.cc:369] GL version: 3.2 (OpenGL ES 3.2 NVIDIA 570.172.08), renderer: Tesla P100-PCIE-16GB/PCIe/SSE2
W0000 00:00:1758311083.931340   45384 face_landmarker_graph.cc:174] Sets FaceBlendshapesGraph acceleration to xnnpack by default.
W0000 00:00:1758311083.939268   55250 inference_feedback_manager.cc:114] Feedback manager requires a model with a single signature inference. Disabling support for feedback tensors.
W0000 00:00:1758311083.961266   55253 inference_feedback_manager.cc:114] Feedback manager requires a model with a single signature inference. Disabling support for feedback tensors.
I0000 00:00:1758311084.675403   45384 gl_context_egl.cc:85] Successfully initialized EGL. Major : 1 Minor: 5
I0000 00:00:1758311084.687178   55272 gl_context.cc:369] GL version: 3.2 (OpenGL ES 3.2 NVIDIA 570.172.08), renderer: Tesla P100-PCIE-16GB/PCIe/SSE2
W0000 00:00:1758311084.689294   45384 face_landmarker_graph.cc:174] Sets FaceBlendshapesGraph acceleration to xnnpack by default.
W0000 00:00:1758311084.695734   55280 inference_feedback_manager.cc:114] Feedback manager requires a model with a single signature inference. Disabling support for feedback tensors.
W0000 00:00:1758311084.719010   55280 inference_feedback_manager.cc:114] Feedback manager requires a model with a single signature inference. Disabling support for feedback tensors.
I0000 00:00:1758311086.338822   45384 gl_context_egl.cc:85] Successfully initialized EGL. Major : 1 Minor: 5
I0000 00:00:1758311086.350781   55302 gl_context.cc:369] GL version: 3.2 (OpenGL ES 3.2 NVIDIA 570.172.08), renderer: Tesla P100-PCIE-16GB/PCIe/SSE2
W0000 00:00:1758311086.353546   45384 face_landmarker_graph.cc:174] Sets FaceBlendshapesGraph acceleration to xnnpack by default.
W0000 00:00:1758311086.359756   55310 inference_feedback_manager.cc:114] Feedback manager requires a model with a single signature inference. Disabling support for feedback tensors.
W0000 00:00:1758311086.383284   55310 inference_feedback_manager.cc:114] Feedback manager requires a model with a single signature inference. Disabling support for feedback tensors.
I0000 00:00:1758311086.958957   45384 gl_context_egl.cc:85] Successfully initialized EGL. Major : 1 Minor: 5
I0000 00:00:1758311086.970847   55332 gl_context.cc:369] GL version: 3.2 (OpenGL ES 3.2 NVIDIA 570.172.08), renderer: Tesla P100-PCIE-16GB/PCIe/SSE2
W0000 00:00:1758311086.973330   45384 face_landmarker_graph.cc:174] Sets FaceBlendshapesGraph acceleration to xnnpack by default.
W0000 00:00:1758311086.980912   55340 inference_feedback_manager.cc:114] Feedback manager requires a model with a single signature inference. Disabling support for feedback tensors.
W0000 00:00:1758311087.004637   55340 inference_feedback_manager.cc:114] Feedback manager requires a model with a single signature inference. Disabling support for feedback tensors.
I0000 00:00:1758311088.428153   45384 gl_context_egl.cc:85] Successfully initialized EGL. Major : 1 Minor: 5
I0000 00:00:1758311088.440022   55362 gl_context.cc:369] GL version: 3.2 (OpenGL ES 3.2 NVIDIA 570.172.08), renderer: Tesla P100-PCIE-16GB/PCIe/SSE2
W0000 00:00:1758311088.442720   45384 face_landmarker_graph.cc:174] Sets FaceBlendshapesGraph acceleration to xnnpack by default.
W0000 00:00:1758311088.449350   55370 inference_feedback_manager.cc:114] Feedback manager requires a model with a single signature inference. Disabling support for feedback tensors.
W0000 00:00:1758311088.472850   55370 inference_feedback_manager.cc:114] Feedback manager requires a model with a single signature inference. Disabling support for feedback tensors.
I0000 00:00:1758311089.265602   45384 gl_context_egl.cc:85] Successfully initialized EGL. Major : 1 Minor: 5
I0000 00:00:1758311089.277480   55392 gl_context.cc:369] GL version: 3.2 (OpenGL ES 3.2 NVIDIA 570.172.08), renderer: Tesla P100-PCIE-16GB/PCIe/SSE2
W0000 00:00:1758311089.280876   45384 face_landmarker_graph.cc:174] Sets FaceBlendshapesGraph acceleration to xnnpack by default.
W0000 00:00:1758311089.287284   55400 inference_feedback_manager.cc:114] Feedback manager requires a model with a single signature inference. Disabling support for feedback tensors.
W0000 00:00:1758311089.311012   55400 inference_feedback_manager.cc:114] Feedback manager requires a model with a single signature inference. Disabling support for feedback tensors.
I0000 00:00:1758311091.149907   45384 gl_context_egl.cc:85] Successfully initialized EGL. Major : 1 Minor: 5
I0000 00:00:1758311091.161703   55422 gl_context.cc:369] GL version: 3.2 (OpenGL ES 3.2 NVIDIA 570.172.08), renderer: Tesla P100-PCIE-16GB/PCIe/SSE2
W0000 00:00:1758311091.164267   45384 face_landmarker_graph.cc:174] Sets FaceBlendshapesGraph acceleration to xnnpack by default.
W0000 00:00:1758311091.170530   55430 inference_feedback_manager.cc:114] Feedback manager requires a model with a single signature inference. Disabling support for feedback tensors.
W0000 00:00:1758311091.194045   55430 inference_feedback_manager.cc:114] Feedback manager requires a model with a single signature inference. Disabling support for feedback tensors.
I0000 00:00:1758311091.752893   45384 gl_context_egl.cc:85] Successfully initialized EGL. Major : 1 Minor: 5
I0000 00:00:1758311091.764709   55452 gl_context.cc:369] GL version: 3.2 (OpenGL ES 3.2 NVIDIA 570.172.08), renderer: Tesla P100-PCIE-16GB/PCIe/SSE2
W0000 00:00:1758311091.766976   45384 face_landmarker_graph.cc:174] Sets FaceBlendshapesGraph acceleration to xnnpack by default.
W0000 00:00:1758311091.775029   55460 inference_feedback_manager.cc:114] Feedback manager requires a model with a single signature inference. Disabling support for feedback tensors.
W0000 00:00:1758311091.798902   55460 inference_feedback_manager.cc:114] Feedback manager requires a model with a single signature inference. Disabling support for feedback tensors.
I0000 00:00:1758311092.687719   45384 gl_context_egl.cc:85] Successfully initialized EGL. Major : 1 Minor: 5
I0000 00:00:1758311092.699430   55482 gl_context.cc:369] GL version: 3.2 (OpenGL ES 3.2 NVIDIA 570.172.08), renderer: Tesla P100-PCIE-16GB/PCIe/SSE2
W0000 00:00:1758311092.703137   45384 face_landmarker_graph.cc:174] Sets FaceBlendshapesGraph acceleration to xnnpack by default.
W0000 00:00:1758311092.709424   55490 inference_feedback_manager.cc:114] Feedback manager requires a model with a single signature inference. Disabling support for feedback tensors.
W0000 00:00:1758311092.732276   55490 inference_feedback_manager.cc:114] Feedback manager requires a model with a single signature inference. Disabling support for feedback tensors.
I0000 00:00:1758311093.366960   45384 gl_context_egl.cc:85] Successfully initialized EGL. Major : 1 Minor: 5
I0000 00:00:1758311093.379526   55512 gl_context.cc:369] GL version: 3.2 (OpenGL ES 3.2 NVIDIA 570.172.08), renderer: Tesla P100-PCIE-16GB/PCIe/SSE2
W0000 00:00:1758311093.382827   45384 face_landmarker_graph.cc:174] Sets FaceBlendshapesGraph acceleration to xnnpack by default.
W0000 00:00:1758311093.389201   55520 inference_feedback_manager.cc:114] Feedback manager requires a model with a single signature inference. Disabling support for feedback tensors.
W0000 00:00:1758311093.412719   55520 inference_feedback_manager.cc:114] Feedback manager requires a model with a single signature inference. Disabling support for feedback tensors.
I0000 00:00:1758311094.388201   45384 gl_context_egl.cc:85] Successfully initialized EGL. Major : 1 Minor: 5
I0000 00:00:1758311094.400036   55542 gl_context.cc:369] GL version: 3.2 (OpenGL ES 3.2 NVIDIA 570.172.08), renderer: Tesla P100-PCIE-16GB/PCIe/SSE2
W0000 00:00:1758311094.402104   45384 face_landmarker_graph.cc:174] Sets FaceBlendshapesGraph acceleration to xnnpack by default.
W0000 00:00:1758311094.408723   55550 inference_feedback_manager.cc:114] Feedback manager requires a model with a single signature inference. Disabling support for feedback tensors.
W0000 00:00:1758311094.430683   55550 inference_feedback_manager.cc:114] Feedback manager requires a model with a single signature inference. Disabling support for feedback tensors.
I0000 00:00:1758311094.972687   45384 gl_context_egl.cc:85] Successfully initialized EGL. Major : 1 Minor: 5
I0000 00:00:1758311094.984399   55572 gl_context.cc:369] GL version: 3.2 (OpenGL ES 3.2 NVIDIA 570.172.08), renderer: Tesla P100-PCIE-16GB/PCIe/SSE2
W0000 00:00:1758311094.986857   45384 face_landmarker_graph.cc:174] Sets FaceBlendshapesGraph acceleration to xnnpack by default.
W0000 00:00:1758311094.993122   55580 inference_feedback_manager.cc:114] Feedback manager requires a model with a single signature inference. Disabling support for feedback tensors.
W0000 00:00:1758311095.016756   55580 inference_feedback_manager.cc:114] Feedback manager requires a model with a single signature inference. Disabling support for feedback tensors.
I0000 00:00:1758311095.683202   45384 gl_context_egl.cc:85] Successfully initialized EGL. Major : 1 Minor: 5
I0000 00:00:1758311095.694882   55602 gl_context.cc:369] GL version: 3.2 (OpenGL ES 3.2 NVIDIA 570.172.08), renderer: Tesla P100-PCIE-16GB/PCIe/SSE2
W0000 00:00:1758311095.697203   45384 face_landmarker_graph.cc:174] Sets FaceBlendshapesGraph acceleration to xnnpack by default.
W0000 00:00:1758311095.703800   55610 inference_feedback_manager.cc:114] Feedback manager requires a model with a single signature inference. Disabling support for feedback tensors.
W0000 00:00:1758311095.727237   55610 inference_feedback_manager.cc:114] Feedback manager requires a model with a single signature inference. Disabling support for feedback tensors.
I0000 00:00:1758311096.747154   45384 gl_context_egl.cc:85] Successfully initialized EGL. Major : 1 Minor: 5
I0000 00:00:1758311096.759060   55632 gl_context.cc:369] GL version: 3.2 (OpenGL ES 3.2 NVIDIA 570.172.08), renderer: Tesla P100-PCIE-16GB/PCIe/SSE2
W0000 00:00:1758311096.761220   45384 face_landmarker_graph.cc:174] Sets FaceBlendshapesGraph acceleration to xnnpack by default.
W0000 00:00:1758311096.767547   55640 inference_feedback_manager.cc:114] Feedback manager requires a model with a single signature inference. Disabling support for feedback tensors.
W0000 00:00:1758311096.791385   55640 inference_feedback_manager.cc:114] Feedback manager requires a model with a single signature inference. Disabling support for feedback tensors.
I0000 00:00:1758311098.784963   45384 gl_context_egl.cc:85] Successfully initialized EGL. Major : 1 Minor: 5
I0000 00:00:1758311098.796775   55662 gl_context.cc:369] GL version: 3.2 (OpenGL ES 3.2 NVIDIA 570.172.08), renderer: Tesla P100-PCIE-16GB/PCIe/SSE2
W0000 00:00:1758311098.799619   45384 face_landmarker_graph.cc:174] Sets FaceBlendshapesGraph acceleration to xnnpack by default.
W0000 00:00:1758311098.806138   55670 inference_feedback_manager.cc:114] Feedback manager requires a model with a single signature inference. Disabling support for feedback tensors.
W0000 00:00:1758311098.829429   55670 inference_feedback_manager.cc:114] Feedback manager requires a model with a single signature inference. Disabling support for feedback tensors.
I0000 00:00:1758311099.809712   45384 gl_context_egl.cc:85] Successfully initialized EGL. Major : 1 Minor: 5
I0000 00:00:1758311099.821448   55692 gl_context.cc:369] GL version: 3.2 (OpenGL ES 3.2 NVIDIA 570.172.08), renderer: Tesla P100-PCIE-16GB/PCIe/SSE2
W0000 00:00:1758311099.824965   45384 face_landmarker_graph.cc:174] Sets FaceBlendshapesGraph acceleration to xnnpack by default.
W0000 00:00:1758311099.832518   55700 inference_feedback_manager.cc:114] Feedback manager requires a model with a single signature inference. Disabling support for feedback tensors.
W0000 00:00:1758311099.856241   55700 inference_feedback_manager.cc:114] Feedback manager requires a model with a single signature inference. Disabling support for feedback tensors.
I0000 00:00:1758311101.822354   45384 gl_context_egl.cc:85] Successfully initialized EGL. Major : 1 Minor: 5
I0000 00:00:1758311101.834195   55722 gl_context.cc:369] GL version: 3.2 (OpenGL ES 3.2 NVIDIA 570.172.08), renderer: Tesla P100-PCIE-16GB/PCIe/SSE2
W0000 00:00:1758311101.836775   45384 face_landmarker_graph.cc:174] Sets FaceBlendshapesGraph acceleration to xnnpack by default.
W0000 00:00:1758311101.843004   55730 inference_feedback_manager.cc:114] Feedback manager requires a model with a single signature inference. Disabling support for feedback tensors.
W0000 00:00:1758311101.866602   55730 inference_feedback_manager.cc:114] Feedback manager requires a model with a single signature inference. Disabling support for feedback tensors.
I0000 00:00:1758311102.521157   45384 gl_context_egl.cc:85] Successfully initialized EGL. Major : 1 Minor: 5
I0000 00:00:1758311102.533144   55923 gl_context.cc:369] GL version: 3.2 (OpenGL ES 3.2 NVIDIA 570.172.08), renderer: Tesla P100-PCIE-16GB/PCIe/SSE2
W0000 00:00:1758311102.539236   45384 face_landmarker_graph.cc:174] Sets FaceBlendshapesGraph acceleration to xnnpack by default.
W0000 00:00:1758311102.545616   55931 inference_feedback_manager.cc:114] Feedback manager requires a model with a single signature inference. Disabling support for feedback tensors.
W0000 00:00:1758311102.569328   55931 inference_feedback_manager.cc:114] Feedback manager requires a model with a single signature inference. Disabling support for feedback tensors.
I0000 00:00:1758311103.079843   45384 gl_context_egl.cc:85] Successfully initialized EGL. Major : 1 Minor: 5
I0000 00:00:1758311103.091643   55953 gl_context.cc:369] GL version: 3.2 (OpenGL ES 3.2 NVIDIA 570.172.08), renderer: Tesla P100-PCIE-16GB/PCIe/SSE2
W0000 00:00:1758311103.095434   45384 face_landmarker_graph.cc:174] Sets FaceBlendshapesGraph acceleration to xnnpack by default.
W0000 00:00:1758311103.101779   55961 inference_feedback_manager.cc:114] Feedback manager requires a model with a single signature inference. Disabling support for feedback tensors.
W0000 00:00:1758311103.125524   55961 inference_feedback_manager.cc:114] Feedback manager requires a model with a single signature inference. Disabling support for feedback tensors.
I0000 00:00:1758311103.886792   45384 gl_context_egl.cc:85] Successfully initialized EGL. Major : 1 Minor: 5
I0000 00:00:1758311103.898576   55983 gl_context.cc:369] GL version: 3.2 (OpenGL ES 3.2 NVIDIA 570.172.08), renderer: Tesla P100-PCIE-16GB/PCIe/SSE2
W0000 00:00:1758311103.901036   45384 face_landmarker_graph.cc:174] Sets FaceBlendshapesGraph acceleration to xnnpack by default.
W0000 00:00:1758311103.907364   55991 inference_feedback_manager.cc:114] Feedback manager requires a model with a single signature inference. Disabling support for feedback tensors.
W0000 00:00:1758311103.930779   55991 inference_feedback_manager.cc:114] Feedback manager requires a model with a single signature inference. Disabling support for feedback tensors.
I0000 00:00:1758311104.997444   45384 gl_context_egl.cc:85] Successfully initialized EGL. Major : 1 Minor: 5
I0000 00:00:1758311105.009112   56013 gl_context.cc:369] GL version: 3.2 (OpenGL ES 3.2 NVIDIA 570.172.08), renderer: Tesla P100-PCIE-16GB/PCIe/SSE2
W0000 00:00:1758311105.012762   45384 face_landmarker_graph.cc:174] Sets FaceBlendshapesGraph acceleration to xnnpack by default.
W0000 00:00:1758311105.019064   56021 inference_feedback_manager.cc:114] Feedback manager requires a model with a single signature inference. Disabling support for feedback tensors.
W0000 00:00:1758311105.042288   56021 inference_feedback_manager.cc:114] Feedback manager requires a model with a single signature inference. Disabling support for feedback tensors.
I0000 00:00:1758311107.567650   45384 gl_context_egl.cc:85] Successfully initialized EGL. Major : 1 Minor: 5
I0000 00:00:1758311107.580323   56043 gl_context.cc:369] GL version: 3.2 (OpenGL ES 3.2 NVIDIA 570.172.08), renderer: Tesla P100-PCIE-16GB/PCIe/SSE2
W0000 00:00:1758311107.582456   45384 face_landmarker_graph.cc:174] Sets FaceBlendshapesGraph acceleration to xnnpack by default.
W0000 00:00:1758311107.588868   56051 inference_feedback_manager.cc:114] Feedback manager requires a model with a single signature inference. Disabling support for feedback tensors.
W0000 00:00:1758311107.612377   56051 inference_feedback_manager.cc:114] Feedback manager requires a model with a single signature inference. Disabling support for feedback tensors.
I0000 00:00:1758311109.153097   45384 gl_context_egl.cc:85] Successfully initialized EGL. Major : 1 Minor: 5
I0000 00:00:1758311109.164760   56073 gl_context.cc:369] GL version: 3.2 (OpenGL ES 3.2 NVIDIA 570.172.08), renderer: Tesla P100-PCIE-16GB/PCIe/SSE2
W0000 00:00:1758311109.169282   45384 face_landmarker_graph.cc:174] Sets FaceBlendshapesGraph acceleration to xnnpack by default.
W0000 00:00:1758311109.175536   56081 inference_feedback_manager.cc:114] Feedback manager requires a model with a single signature inference. Disabling support for feedback tensors.
W0000 00:00:1758311109.198981   56081 inference_feedback_manager.cc:114] Feedback manager requires a model with a single signature inference. Disabling support for feedback tensors.
I0000 00:00:1758311110.405123   45384 gl_context_egl.cc:85] Successfully initialized EGL. Major : 1 Minor: 5
I0000 00:00:1758311110.417148   56103 gl_context.cc:369] GL version: 3.2 (OpenGL ES 3.2 NVIDIA 570.172.08), renderer: Tesla P100-PCIE-16GB/PCIe/SSE2
W0000 00:00:1758311110.419180   45384 face_landmarker_graph.cc:174] Sets FaceBlendshapesGraph acceleration to xnnpack by default.
W0000 00:00:1758311110.425539   56111 inference_feedback_manager.cc:114] Feedback manager requires a model with a single signature inference. Disabling support for feedback tensors.
W0000 00:00:1758311110.438487   56111 inference_feedback_manager.cc:114] Feedback manager requires a model with a single signature inference. Disabling support for feedback tensors.
I0000 00:00:1758311111.172021   45384 gl_context_egl.cc:85] Successfully initialized EGL. Major : 1 Minor: 5
I0000 00:00:1758311111.183815   56133 gl_context.cc:369] GL version: 3.2 (OpenGL ES 3.2 NVIDIA 570.172.08), renderer: Tesla P100-PCIE-16GB/PCIe/SSE2
W0000 00:00:1758311111.187157   45384 face_landmarker_graph.cc:174] Sets FaceBlendshapesGraph acceleration to xnnpack by default.
W0000 00:00:1758311111.193498   56141 inference_feedback_manager.cc:114] Feedback manager requires a model with a single signature inference. Disabling support for feedback tensors.
W0000 00:00:1758311111.206410   56141 inference_feedback_manager.cc:114] Feedback manager requires a model with a single signature inference. Disabling support for feedback tensors.
I0000 00:00:1758311112.254467   45384 gl_context_egl.cc:85] Successfully initialized EGL. Major : 1 Minor: 5
I0000 00:00:1758311112.266315   56163 gl_context.cc:369] GL version: 3.2 (OpenGL ES 3.2 NVIDIA 570.172.08), renderer: Tesla P100-PCIE-16GB/PCIe/SSE2
W0000 00:00:1758311112.269610   45384 face_landmarker_graph.cc:174] Sets FaceBlendshapesGraph acceleration to xnnpack by default.
W0000 00:00:1758311112.275938   56171 inference_feedback_manager.cc:114] Feedback manager requires a model with a single signature inference. Disabling support for feedback tensors.
W0000 00:00:1758311112.299720   56171 inference_feedback_manager.cc:114] Feedback manager requires a model with a single signature inference. Disabling support for feedback tensors.
I0000 00:00:1758311113.257222   45384 gl_context_egl.cc:85] Successfully initialized EGL. Major : 1 Minor: 5
I0000 00:00:1758311113.269074   56193 gl_context.cc:369] GL version: 3.2 (OpenGL ES 3.2 NVIDIA 570.172.08), renderer: Tesla P100-PCIE-16GB/PCIe/SSE2
W0000 00:00:1758311113.271649   45384 face_landmarker_graph.cc:174] Sets FaceBlendshapesGraph acceleration to xnnpack by default.
W0000 00:00:1758311113.279898   56201 inference_feedback_manager.cc:114] Feedback manager requires a model with a single signature inference. Disabling support for feedback tensors.
W0000 00:00:1758311113.301119   56204 inference_feedback_manager.cc:114] Feedback manager requires a model with a single signature inference. Disabling support for feedback tensors.
I0000 00:00:1758311115.548304   45384 gl_context_egl.cc:85] Successfully initialized EGL. Major : 1 Minor: 5
I0000 00:00:1758311115.560199   56223 gl_context.cc:369] GL version: 3.2 (OpenGL ES 3.2 NVIDIA 570.172.08), renderer: Tesla P100-PCIE-16GB/PCIe/SSE2
W0000 00:00:1758311115.566652   45384 face_landmarker_graph.cc:174] Sets FaceBlendshapesGraph acceleration to xnnpack by default.
W0000 00:00:1758311115.572938   56231 inference_feedback_manager.cc:114] Feedback manager requires a model with a single signature inference. Disabling support for feedback tensors.
W0000 00:00:1758311115.596498   56231 inference_feedback_manager.cc:114] Feedback manager requires a model with a single signature inference. Disabling support for feedback tensors.
I0000 00:00:1758311116.842474   45384 gl_context_egl.cc:85] Successfully initialized EGL. Major : 1 Minor: 5
I0000 00:00:1758311116.854126   56253 gl_context.cc:369] GL version: 3.2 (OpenGL ES 3.2 NVIDIA 570.172.08), renderer: Tesla P100-PCIE-16GB/PCIe/SSE2
W0000 00:00:1758311116.858175   45384 face_landmarker_graph.cc:174] Sets FaceBlendshapesGraph acceleration to xnnpack by default.
W0000 00:00:1758311116.865819   56261 inference_feedback_manager.cc:114] Feedback manager requires a model with a single signature inference. Disabling support for feedback tensors.
W0000 00:00:1758311116.889769   56261 inference_feedback_manager.cc:114] Feedback manager requires a model with a single signature inference. Disabling support for feedback tensors.
I0000 00:00:1758311117.560549   45384 gl_context_egl.cc:85] Successfully initialized EGL. Major : 1 Minor: 5
I0000 00:00:1758311117.572225   56283 gl_context.cc:369] GL version: 3.2 (OpenGL ES 3.2 NVIDIA 570.172.08), renderer: Tesla P100-PCIE-16GB/PCIe/SSE2
W0000 00:00:1758311117.574210   45384 face_landmarker_graph.cc:174] Sets FaceBlendshapesGraph acceleration to xnnpack by default.
W0000 00:00:1758311117.581690   56291 inference_feedback_manager.cc:114] Feedback manager requires a model with a single signature inference. Disabling support for feedback tensors.
W0000 00:00:1758311117.605411   56291 inference_feedback_manager.cc:114] Feedback manager requires a model with a single signature inference. Disabling support for feedback tensors.
I0000 00:00:1758311118.492814   45384 gl_context_egl.cc:85] Successfully initialized EGL. Major : 1 Minor: 5
I0000 00:00:1758311118.512963   56569 gl_context.cc:369] GL version: 3.2 (OpenGL ES 3.2 NVIDIA 570.172.08), renderer: Tesla P100-PCIE-16GB/PCIe/SSE2
W0000 00:00:1758311118.519059   45384 face_landmarker_graph.cc:174] Sets FaceBlendshapesGraph acceleration to xnnpack by default.
W0000 00:00:1758311118.527207   56579 inference_feedback_manager.cc:114] Feedback manager requires a model with a single signature inference. Disabling support for feedback tensors.
W0000 00:00:1758311118.550978   56579 inference_feedback_manager.cc:114] Feedback manager requires a model with a single signature inference. Disabling support for feedback tensors.
I0000 00:00:1758311119.820787   45384 gl_context_egl.cc:85] Successfully initialized EGL. Major : 1 Minor: 5
I0000 00:00:1758311119.833765   56642 gl_context.cc:369] GL version: 3.2 (OpenGL ES 3.2 NVIDIA 570.172.08), renderer: Tesla P100-PCIE-16GB/PCIe/SSE2
W0000 00:00:1758311119.864331   45384 face_landmarker_graph.cc:174] Sets FaceBlendshapesGraph acceleration to xnnpack by default.
W0000 00:00:1758311119.871639   56650 inference_feedback_manager.cc:114] Feedback manager requires a model with a single signature inference. Disabling support for feedback tensors.
W0000 00:00:1758311119.896860   56650 inference_feedback_manager.cc:114] Feedback manager requires a model with a single signature inference. Disabling support for feedback tensors.
I0000 00:00:1758311120.667243   45384 gl_context_egl.cc:85] Successfully initialized EGL. Major : 1 Minor: 5
I0000 00:00:1758311120.679643   56672 gl_context.cc:369] GL version: 3.2 (OpenGL ES 3.2 NVIDIA 570.172.08), renderer: Tesla P100-PCIE-16GB/PCIe/SSE2
W0000 00:00:1758311120.683582   45384 face_landmarker_graph.cc:174] Sets FaceBlendshapesGraph acceleration to xnnpack by default.
W0000 00:00:1758311120.689835   56680 inference_feedback_manager.cc:114] Feedback manager requires a model with a single signature inference. Disabling support for feedback tensors.
W0000 00:00:1758311120.713251   56680 inference_feedback_manager.cc:114] Feedback manager requires a model with a single signature inference. Disabling support for feedback tensors.
I0000 00:00:1758311121.189256   45384 gl_context_egl.cc:85] Successfully initialized EGL. Major : 1 Minor: 5
I0000 00:00:1758311121.202924   56702 gl_context.cc:369] GL version: 3.2 (OpenGL ES 3.2 NVIDIA 570.172.08), renderer: Tesla P100-PCIE-16GB/PCIe/SSE2
W0000 00:00:1758311121.206403   45384 face_landmarker_graph.cc:174] Sets FaceBlendshapesGraph acceleration to xnnpack by default.
W0000 00:00:1758311121.215499   56710 inference_feedback_manager.cc:114] Feedback manager requires a model with a single signature inference. Disabling support for feedback tensors.
W0000 00:00:1758311121.241838   56710 inference_feedback_manager.cc:114] Feedback manager requires a model with a single signature inference. Disabling support for feedback tensors.
I0000 00:00:1758311122.036638   45384 gl_context_egl.cc:85] Successfully initialized EGL. Major : 1 Minor: 5
I0000 00:00:1758311122.048306   56732 gl_context.cc:369] GL version: 3.2 (OpenGL ES 3.2 NVIDIA 570.172.08), renderer: Tesla P100-PCIE-16GB/PCIe/SSE2
W0000 00:00:1758311122.050581   45384 face_landmarker_graph.cc:174] Sets FaceBlendshapesGraph acceleration to xnnpack by default.
W0000 00:00:1758311122.056886   56740 inference_feedback_manager.cc:114] Feedback manager requires a model with a single signature inference. Disabling support for feedback tensors.
W0000 00:00:1758311122.069830   56740 inference_feedback_manager.cc:114] Feedback manager requires a model with a single signature inference. Disabling support for feedback tensors.
I0000 00:00:1758311123.737522   45384 gl_context_egl.cc:85] Successfully initialized EGL. Major : 1 Minor: 5
I0000 00:00:1758311123.749335   56763 gl_context.cc:369] GL version: 3.2 (OpenGL ES 3.2 NVIDIA 570.172.08), renderer: Tesla P100-PCIE-16GB/PCIe/SSE2
W0000 00:00:1758311123.751743   45384 face_landmarker_graph.cc:174] Sets FaceBlendshapesGraph acceleration to xnnpack by default.
W0000 00:00:1758311123.759202   56771 inference_feedback_manager.cc:114] Feedback manager requires a model with a single signature inference. Disabling support for feedback tensors.
W0000 00:00:1758311123.783280   56771 inference_feedback_manager.cc:114] Feedback manager requires a model with a single signature inference. Disabling support for feedback tensors.
I0000 00:00:1758311124.725858   45384 gl_context_egl.cc:85] Successfully initialized EGL. Major : 1 Minor: 5
I0000 00:00:1758311124.737662   56793 gl_context.cc:369] GL version: 3.2 (OpenGL ES 3.2 NVIDIA 570.172.08), renderer: Tesla P100-PCIE-16GB/PCIe/SSE2
W0000 00:00:1758311124.739711   45384 face_landmarker_graph.cc:174] Sets FaceBlendshapesGraph acceleration to xnnpack by default.
W0000 00:00:1758311124.745953   56801 inference_feedback_manager.cc:114] Feedback manager requires a model with a single signature inference. Disabling support for feedback tensors.
W0000 00:00:1758311124.769247   56801 inference_feedback_manager.cc:114] Feedback manager requires a model with a single signature inference. Disabling support for feedback tensors.
I0000 00:00:1758311125.382438   45384 gl_context_egl.cc:85] Successfully initialized EGL. Major : 1 Minor: 5
I0000 00:00:1758311125.394289   56823 gl_context.cc:369] GL version: 3.2 (OpenGL ES 3.2 NVIDIA 570.172.08), renderer: Tesla P100-PCIE-16GB/PCIe/SSE2
W0000 00:00:1758311125.396205   45384 face_landmarker_graph.cc:174] Sets FaceBlendshapesGraph acceleration to xnnpack by default.
W0000 00:00:1758311125.403741   56831 inference_feedback_manager.cc:114] Feedback manager requires a model with a single signature inference. Disabling support for feedback tensors.
W0000 00:00:1758311125.427367   56831 inference_feedback_manager.cc:114] Feedback manager requires a model with a single signature inference. Disabling support for feedback tensors.
I0000 00:00:1758311126.122084   45384 gl_context_egl.cc:85] Successfully initialized EGL. Major : 1 Minor: 5
I0000 00:00:1758311126.134115   56853 gl_context.cc:369] GL version: 3.2 (OpenGL ES 3.2 NVIDIA 570.172.08), renderer: Tesla P100-PCIE-16GB/PCIe/SSE2
W0000 00:00:1758311126.136279   45384 face_landmarker_graph.cc:174] Sets FaceBlendshapesGraph acceleration to xnnpack by default.
W0000 00:00:1758311126.143736   56861 inference_feedback_manager.cc:114] Feedback manager requires a model with a single signature inference. Disabling support for feedback tensors.
W0000 00:00:1758311126.167426   56861 inference_feedback_manager.cc:114] Feedback manager requires a model with a single signature inference. Disabling support for feedback tensors.
I0000 00:00:1758311126.596342   45384 gl_context_egl.cc:85] Successfully initialized EGL. Major : 1 Minor: 5
I0000 00:00:1758311126.608164   56883 gl_context.cc:369] GL version: 3.2 (OpenGL ES 3.2 NVIDIA 570.172.08), renderer: Tesla P100-PCIE-16GB/PCIe/SSE2
W0000 00:00:1758311126.610227   45384 face_landmarker_graph.cc:174] Sets FaceBlendshapesGraph acceleration to xnnpack by default.
W0000 00:00:1758311126.616708   56891 inference_feedback_manager.cc:114] Feedback manager requires a model with a single signature inference. Disabling support for feedback tensors.
W0000 00:00:1758311126.640136   56891 inference_feedback_manager.cc:114] Feedback manager requires a model with a single signature inference. Disabling support for feedback tensors.
I0000 00:00:1758311127.068809   45384 gl_context_egl.cc:85] Successfully initialized EGL. Major : 1 Minor: 5
I0000 00:00:1758311127.080510   56913 gl_context.cc:369] GL version: 3.2 (OpenGL ES 3.2 NVIDIA 570.172.08), renderer: Tesla P100-PCIE-16GB/PCIe/SSE2
W0000 00:00:1758311127.082422   45384 face_landmarker_graph.cc:174] Sets FaceBlendshapesGraph acceleration to xnnpack by default.
W0000 00:00:1758311127.090642   56921 inference_feedback_manager.cc:114] Feedback manager requires a model with a single signature inference. Disabling support for feedback tensors.
W0000 00:00:1758311127.105133   56924 inference_feedback_manager.cc:114] Feedback manager requires a model with a single signature inference. Disabling support for feedback tensors.
I0000 00:00:1758311128.086415   45384 gl_context_egl.cc:85] Successfully initialized EGL. Major : 1 Minor: 5
I0000 00:00:1758311128.098261   56943 gl_context.cc:369] GL version: 3.2 (OpenGL ES 3.2 NVIDIA 570.172.08), renderer: Tesla P100-PCIE-16GB/PCIe/SSE2
W0000 00:00:1758311128.100574   45384 face_landmarker_graph.cc:174] Sets FaceBlendshapesGraph acceleration to xnnpack by default.
W0000 00:00:1758311128.106848   56951 inference_feedback_manager.cc:114] Feedback manager requires a model with a single signature inference. Disabling support for feedback tensors.
W0000 00:00:1758311128.130412   56951 inference_feedback_manager.cc:114] Feedback manager requires a model with a single signature inference. Disabling support for feedback tensors.
I0000 00:00:1758311128.831342   45384 gl_context_egl.cc:85] Successfully initialized EGL. Major : 1 Minor: 5
I0000 00:00:1758311128.843140   56973 gl_context.cc:369] GL version: 3.2 (OpenGL ES 3.2 NVIDIA 570.172.08), renderer: Tesla P100-PCIE-16GB/PCIe/SSE2
W0000 00:00:1758311128.845444   45384 face_landmarker_graph.cc:174] Sets FaceBlendshapesGraph acceleration to xnnpack by default.
W0000 00:00:1758311128.851944   56981 inference_feedback_manager.cc:114] Feedback manager requires a model with a single signature inference. Disabling support for feedback tensors.
W0000 00:00:1758311128.875338   56981 inference_feedback_manager.cc:114] Feedback manager requires a model with a single signature inference. Disabling support for feedback tensors.
I0000 00:00:1758311130.229127   45384 gl_context_egl.cc:85] Successfully initialized EGL. Major : 1 Minor: 5
I0000 00:00:1758311130.241085   57005 gl_context.cc:369] GL version: 3.2 (OpenGL ES 3.2 NVIDIA 570.172.08), renderer: Tesla P100-PCIE-16GB/PCIe/SSE2
W0000 00:00:1758311130.244213   45384 face_landmarker_graph.cc:174] Sets FaceBlendshapesGraph acceleration to xnnpack by default.
W0000 00:00:1758311130.250682   57013 inference_feedback_manager.cc:114] Feedback manager requires a model with a single signature inference. Disabling support for feedback tensors.
W0000 00:00:1758311130.273960   57013 inference_feedback_manager.cc:114] Feedback manager requires a model with a single signature inference. Disabling support for feedback tensors.
I0000 00:00:1758311130.833767   45384 gl_context_egl.cc:85] Successfully initialized EGL. Major : 1 Minor: 5
I0000 00:00:1758311130.845582   57035 gl_context.cc:369] GL version: 3.2 (OpenGL ES 3.2 NVIDIA 570.172.08), renderer: Tesla P100-PCIE-16GB/PCIe/SSE2
W0000 00:00:1758311130.848760   45384 face_landmarker_graph.cc:174] Sets FaceBlendshapesGraph acceleration to xnnpack by default.
W0000 00:00:1758311130.855127   57043 inference_feedback_manager.cc:114] Feedback manager requires a model with a single signature inference. Disabling support for feedback tensors.
W0000 00:00:1758311130.878483   57043 inference_feedback_manager.cc:114] Feedback manager requires a model with a single signature inference. Disabling support for feedback tensors.
I0000 00:00:1758311131.761807   45384 gl_context_egl.cc:85] Successfully initialized EGL. Major : 1 Minor: 5
I0000 00:00:1758311131.773556   57065 gl_context.cc:369] GL version: 3.2 (OpenGL ES 3.2 NVIDIA 570.172.08), renderer: Tesla P100-PCIE-16GB/PCIe/SSE2
W0000 00:00:1758311131.775675   45384 face_landmarker_graph.cc:174] Sets FaceBlendshapesGraph acceleration to xnnpack by default.
W0000 00:00:1758311131.781950   57073 inference_feedback_manager.cc:114] Feedback manager requires a model with a single signature inference. Disabling support for feedback tensors.
W0000 00:00:1758311131.805473   57073 inference_feedback_manager.cc:114] Feedback manager requires a model with a single signature inference. Disabling support for feedback tensors.
I0000 00:00:1758311133.346333   45384 gl_context_egl.cc:85] Successfully initialized EGL. Major : 1 Minor: 5
I0000 00:00:1758311133.358737   57095 gl_context.cc:369] GL version: 3.2 (OpenGL ES 3.2 NVIDIA 570.172.08), renderer: Tesla P100-PCIE-16GB/PCIe/SSE2
W0000 00:00:1758311133.361938   45384 face_landmarker_graph.cc:174] Sets FaceBlendshapesGraph acceleration to xnnpack by default.
W0000 00:00:1758311133.368482   57103 inference_feedback_manager.cc:114] Feedback manager requires a model with a single signature inference. Disabling support for feedback tensors.
W0000 00:00:1758311133.392305   57103 inference_feedback_manager.cc:114] Feedback manager requires a model with a single signature inference. Disabling support for feedback tensors.
I0000 00:00:1758311134.400042   45384 gl_context_egl.cc:85] Successfully initialized EGL. Major : 1 Minor: 5
I0000 00:00:1758311134.411866   57125 gl_context.cc:369] GL version: 3.2 (OpenGL ES 3.2 NVIDIA 570.172.08), renderer: Tesla P100-PCIE-16GB/PCIe/SSE2
W0000 00:00:1758311134.414037   45384 face_landmarker_graph.cc:174] Sets FaceBlendshapesGraph acceleration to xnnpack by default.
W0000 00:00:1758311134.420311   57133 inference_feedback_manager.cc:114] Feedback manager requires a model with a single signature inference. Disabling support for feedback tensors.
W0000 00:00:1758311134.443714   57133 inference_feedback_manager.cc:114] Feedback manager requires a model with a single signature inference. Disabling support for feedback tensors.
I0000 00:00:1758311135.294169   45384 gl_context_egl.cc:85] Successfully initialized EGL. Major : 1 Minor: 5
I0000 00:00:1758311135.305992   57155 gl_context.cc:369] GL version: 3.2 (OpenGL ES 3.2 NVIDIA 570.172.08), renderer: Tesla P100-PCIE-16GB/PCIe/SSE2
W0000 00:00:1758311135.308452   45384 face_landmarker_graph.cc:174] Sets FaceBlendshapesGraph acceleration to xnnpack by default.
W0000 00:00:1758311135.315945   57163 inference_feedback_manager.cc:114] Feedback manager requires a model with a single signature inference. Disabling support for feedback tensors.
W0000 00:00:1758311135.339946   57163 inference_feedback_manager.cc:114] Feedback manager requires a model with a single signature inference. Disabling support for feedback tensors.
I0000 00:00:1758311136.365295   45384 gl_context_egl.cc:85] Successfully initialized EGL. Major : 1 Minor: 5
I0000 00:00:1758311136.377064   57185 gl_context.cc:369] GL version: 3.2 (OpenGL ES 3.2 NVIDIA 570.172.08), renderer: Tesla P100-PCIE-16GB/PCIe/SSE2
W0000 00:00:1758311136.384866   45384 face_landmarker_graph.cc:174] Sets FaceBlendshapesGraph acceleration to xnnpack by default.
W0000 00:00:1758311136.391218   57193 inference_feedback_manager.cc:114] Feedback manager requires a model with a single signature inference. Disabling support for feedback tensors.
W0000 00:00:1758311136.415178   57193 inference_feedback_manager.cc:114] Feedback manager requires a model with a single signature inference. Disabling support for feedback tensors.
I0000 00:00:1758311137.145923   45384 gl_context_egl.cc:85] Successfully initialized EGL. Major : 1 Minor: 5
I0000 00:00:1758311137.157637   57215 gl_context.cc:369] GL version: 3.2 (OpenGL ES 3.2 NVIDIA 570.172.08), renderer: Tesla P100-PCIE-16GB/PCIe/SSE2
W0000 00:00:1758311137.160294   45384 face_landmarker_graph.cc:174] Sets FaceBlendshapesGraph acceleration to xnnpack by default.
W0000 00:00:1758311137.166729   57223 inference_feedback_manager.cc:114] Feedback manager requires a model with a single signature inference. Disabling support for feedback tensors.
W0000 00:00:1758311137.190302   57223 inference_feedback_manager.cc:114] Feedback manager requires a model with a single signature inference. Disabling support for feedback tensors.
I0000 00:00:1758311138.641833   45384 gl_context_egl.cc:85] Successfully initialized EGL. Major : 1 Minor: 5
I0000 00:00:1758311138.653593   57245 gl_context.cc:369] GL version: 3.2 (OpenGL ES 3.2 NVIDIA 570.172.08), renderer: Tesla P100-PCIE-16GB/PCIe/SSE2
W0000 00:00:1758311138.655738   45384 face_landmarker_graph.cc:174] Sets FaceBlendshapesGraph acceleration to xnnpack by default.
W0000 00:00:1758311138.663984   57253 inference_feedback_manager.cc:114] Feedback manager requires a model with a single signature inference. Disabling support for feedback tensors.
W0000 00:00:1758311138.685304   57256 inference_feedback_manager.cc:114] Feedback manager requires a model with a single signature inference. Disabling support for feedback tensors.
I0000 00:00:1758311139.688211   45384 gl_context_egl.cc:85] Successfully initialized EGL. Major : 1 Minor: 5
I0000 00:00:1758311139.699886   57275 gl_context.cc:369] GL version: 3.2 (OpenGL ES 3.2 NVIDIA 570.172.08), renderer: Tesla P100-PCIE-16GB/PCIe/SSE2
W0000 00:00:1758311139.701764   45384 face_landmarker_graph.cc:174] Sets FaceBlendshapesGraph acceleration to xnnpack by default.
W0000 00:00:1758311139.709195   57283 inference_feedback_manager.cc:114] Feedback manager requires a model with a single signature inference. Disabling support for feedback tensors.
W0000 00:00:1758311139.732556   57283 inference_feedback_manager.cc:114] Feedback manager requires a model with a single signature inference. Disabling support for feedback tensors.
I0000 00:00:1758311140.310039   45384 gl_context_egl.cc:85] Successfully initialized EGL. Major : 1 Minor: 5
I0000 00:00:1758311140.321854   57305 gl_context.cc:369] GL version: 3.2 (OpenGL ES 3.2 NVIDIA 570.172.08), renderer: Tesla P100-PCIE-16GB/PCIe/SSE2
W0000 00:00:1758311140.324383   45384 face_landmarker_graph.cc:174] Sets FaceBlendshapesGraph acceleration to xnnpack by default.
W0000 00:00:1758311140.331934   57313 inference_feedback_manager.cc:114] Feedback manager requires a model with a single signature inference. Disabling support for feedback tensors.
W0000 00:00:1758311140.355798   57313 inference_feedback_manager.cc:114] Feedback manager requires a model with a single signature inference. Disabling support for feedback tensors.
I0000 00:00:1758311141.731177   45384 gl_context_egl.cc:85] Successfully initialized EGL. Major : 1 Minor: 5
I0000 00:00:1758311141.743038   57335 gl_context.cc:369] GL version: 3.2 (OpenGL ES 3.2 NVIDIA 570.172.08), renderer: Tesla P100-PCIE-16GB/PCIe/SSE2
W0000 00:00:1758311141.745331   45384 face_landmarker_graph.cc:174] Sets FaceBlendshapesGraph acceleration to xnnpack by default.
W0000 00:00:1758311141.751695   57343 inference_feedback_manager.cc:114] Feedback manager requires a model with a single signature inference. Disabling support for feedback tensors.
W0000 00:00:1758311141.775038   57343 inference_feedback_manager.cc:114] Feedback manager requires a model with a single signature inference. Disabling support for feedback tensors.
I0000 00:00:1758311142.616258   45384 gl_context_egl.cc:85] Successfully initialized EGL. Major : 1 Minor: 5
I0000 00:00:1758311142.628035   57365 gl_context.cc:369] GL version: 3.2 (OpenGL ES 3.2 NVIDIA 570.172.08), renderer: Tesla P100-PCIE-16GB/PCIe/SSE2
W0000 00:00:1758311142.630575   45384 face_landmarker_graph.cc:174] Sets FaceBlendshapesGraph acceleration to xnnpack by default.
W0000 00:00:1758311142.638849   57373 inference_feedback_manager.cc:114] Feedback manager requires a model with a single signature inference. Disabling support for feedback tensors.
W0000 00:00:1758311142.660644   57376 inference_feedback_manager.cc:114] Feedback manager requires a model with a single signature inference. Disabling support for feedback tensors.
I0000 00:00:1758311143.966075   45384 gl_context_egl.cc:85] Successfully initialized EGL. Major : 1 Minor: 5
I0000 00:00:1758311143.977784   57395 gl_context.cc:369] GL version: 3.2 (OpenGL ES 3.2 NVIDIA 570.172.08), renderer: Tesla P100-PCIE-16GB/PCIe/SSE2
W0000 00:00:1758311143.980534   45384 face_landmarker_graph.cc:174] Sets FaceBlendshapesGraph acceleration to xnnpack by default.
W0000 00:00:1758311143.988882   57403 inference_feedback_manager.cc:114] Feedback manager requires a model with a single signature inference. Disabling support for feedback tensors.
W0000 00:00:1758311144.012375   57406 inference_feedback_manager.cc:114] Feedback manager requires a model with a single signature inference. Disabling support for feedback tensors.
I0000 00:00:1758311145.151077   45384 gl_context_egl.cc:85] Successfully initialized EGL. Major : 1 Minor: 5
I0000 00:00:1758311145.163733   57425 gl_context.cc:369] GL version: 3.2 (OpenGL ES 3.2 NVIDIA 570.172.08), renderer: Tesla P100-PCIE-16GB/PCIe/SSE2
W0000 00:00:1758311145.165727   45384 face_landmarker_graph.cc:174] Sets FaceBlendshapesGraph acceleration to xnnpack by default.
W0000 00:00:1758311145.172684   57433 inference_feedback_manager.cc:114] Feedback manager requires a model with a single signature inference. Disabling support for feedback tensors.
W0000 00:00:1758311145.194527   57436 inference_feedback_manager.cc:114] Feedback manager requires a model with a single signature inference. Disabling support for feedback tensors.
I0000 00:00:1758311146.220898   45384 gl_context_egl.cc:85] Successfully initialized EGL. Major : 1 Minor: 5
I0000 00:00:1758311146.232641   57455 gl_context.cc:369] GL version: 3.2 (OpenGL ES 3.2 NVIDIA 570.172.08), renderer: Tesla P100-PCIE-16GB/PCIe/SSE2
W0000 00:00:1758311146.235654   45384 face_landmarker_graph.cc:174] Sets FaceBlendshapesGraph acceleration to xnnpack by default.
W0000 00:00:1758311146.242032   57463 inference_feedback_manager.cc:114] Feedback manager requires a model with a single signature inference. Disabling support for feedback tensors.
W0000 00:00:1758311146.265416   57463 inference_feedback_manager.cc:114] Feedback manager requires a model with a single signature inference. Disabling support for feedback tensors.
I0000 00:00:1758311147.515356   45384 gl_context_egl.cc:85] Successfully initialized EGL. Major : 1 Minor: 5
I0000 00:00:1758311147.527295   57491 gl_context.cc:369] GL version: 3.2 (OpenGL ES 3.2 NVIDIA 570.172.08), renderer: Tesla P100-PCIE-16GB/PCIe/SSE2
W0000 00:00:1758311147.529324   45384 face_landmarker_graph.cc:174] Sets FaceBlendshapesGraph acceleration to xnnpack by default.
W0000 00:00:1758311147.535814   57499 inference_feedback_manager.cc:114] Feedback manager requires a model with a single signature inference. Disabling support for feedback tensors.
W0000 00:00:1758311147.559412   57499 inference_feedback_manager.cc:114] Feedback manager requires a model with a single signature inference. Disabling support for feedback tensors.
I0000 00:00:1758311148.268188   45384 gl_context_egl.cc:85] Successfully initialized EGL. Major : 1 Minor: 5
I0000 00:00:1758311148.280326   57525 gl_context.cc:369] GL version: 3.2 (OpenGL ES 3.2 NVIDIA 570.172.08), renderer: Tesla P100-PCIE-16GB/PCIe/SSE2
W0000 00:00:1758311148.282438   45384 face_landmarker_graph.cc:174] Sets FaceBlendshapesGraph acceleration to xnnpack by default.
W0000 00:00:1758311148.288723   57533 inference_feedback_manager.cc:114] Feedback manager requires a model with a single signature inference. Disabling support for feedback tensors.
W0000 00:00:1758311148.312564   57533 inference_feedback_manager.cc:114] Feedback manager requires a model with a single signature inference. Disabling support for feedback tensors.
I0000 00:00:1758311150.809127   45384 gl_context_egl.cc:85] Successfully initialized EGL. Major : 1 Minor: 5
I0000 00:00:1758311150.820952   57555 gl_context.cc:369] GL version: 3.2 (OpenGL ES 3.2 NVIDIA 570.172.08), renderer: Tesla P100-PCIE-16GB/PCIe/SSE2
W0000 00:00:1758311150.823514   45384 face_landmarker_graph.cc:174] Sets FaceBlendshapesGraph acceleration to xnnpack by default.
W0000 00:00:1758311150.831038   57563 inference_feedback_manager.cc:114] Feedback manager requires a model with a single signature inference. Disabling support for feedback tensors.
W0000 00:00:1758311150.854653   57563 inference_feedback_manager.cc:114] Feedback manager requires a model with a single signature inference. Disabling support for feedback tensors.
I0000 00:00:1758311151.777670   45384 gl_context_egl.cc:85] Successfully initialized EGL. Major : 1 Minor: 5
I0000 00:00:1758311151.789406   57586 gl_context.cc:369] GL version: 3.2 (OpenGL ES 3.2 NVIDIA 570.172.08), renderer: Tesla P100-PCIE-16GB/PCIe/SSE2
W0000 00:00:1758311151.791369   45384 face_landmarker_graph.cc:174] Sets FaceBlendshapesGraph acceleration to xnnpack by default.
W0000 00:00:1758311151.797655   57594 inference_feedback_manager.cc:114] Feedback manager requires a model with a single signature inference. Disabling support for feedback tensors.
W0000 00:00:1758311151.821412   57594 inference_feedback_manager.cc:114] Feedback manager requires a model with a single signature inference. Disabling support for feedback tensors.
I0000 00:00:1758311153.944086   45384 gl_context_egl.cc:85] Successfully initialized EGL. Major : 1 Minor: 5
I0000 00:00:1758311153.955861   57616 gl_context.cc:369] GL version: 3.2 (OpenGL ES 3.2 NVIDIA 570.172.08), renderer: Tesla P100-PCIE-16GB/PCIe/SSE2
W0000 00:00:1758311153.958886   45384 face_landmarker_graph.cc:174] Sets FaceBlendshapesGraph acceleration to xnnpack by default.
W0000 00:00:1758311153.965143   57624 inference_feedback_manager.cc:114] Feedback manager requires a model with a single signature inference. Disabling support for feedback tensors.
W0000 00:00:1758311153.988637   57624 inference_feedback_manager.cc:114] Feedback manager requires a model with a single signature inference. Disabling support for feedback tensors.
I0000 00:00:1758311154.965004   45384 gl_context_egl.cc:85] Successfully initialized EGL. Major : 1 Minor: 5
I0000 00:00:1758311154.976716   57646 gl_context.cc:369] GL version: 3.2 (OpenGL ES 3.2 NVIDIA 570.172.08), renderer: Tesla P100-PCIE-16GB/PCIe/SSE2
W0000 00:00:1758311154.978938   45384 face_landmarker_graph.cc:174] Sets FaceBlendshapesGraph acceleration to xnnpack by default.
W0000 00:00:1758311154.985425   57654 inference_feedback_manager.cc:114] Feedback manager requires a model with a single signature inference. Disabling support for feedback tensors.
W0000 00:00:1758311155.008043   57654 inference_feedback_manager.cc:114] Feedback manager requires a model with a single signature inference. Disabling support for feedback tensors.
I0000 00:00:1758311156.607602   45384 gl_context_egl.cc:85] Successfully initialized EGL. Major : 1 Minor: 5
I0000 00:00:1758311156.619385   57676 gl_context.cc:369] GL version: 3.2 (OpenGL ES 3.2 NVIDIA 570.172.08), renderer: Tesla P100-PCIE-16GB/PCIe/SSE2
W0000 00:00:1758311156.622421   45384 face_landmarker_graph.cc:174] Sets FaceBlendshapesGraph acceleration to xnnpack by default.
W0000 00:00:1758311156.628717   57684 inference_feedback_manager.cc:114] Feedback manager requires a model with a single signature inference. Disabling support for feedback tensors.
W0000 00:00:1758311156.651902   57684 inference_feedback_manager.cc:114] Feedback manager requires a model with a single signature inference. Disabling support for feedback tensors.
I0000 00:00:1758311157.323706   45384 gl_context_egl.cc:85] Successfully initialized EGL. Major : 1 Minor: 5
I0000 00:00:1758311157.336077   57706 gl_context.cc:369] GL version: 3.2 (OpenGL ES 3.2 NVIDIA 570.172.08), renderer: Tesla P100-PCIE-16GB/PCIe/SSE2
W0000 00:00:1758311157.338364   45384 face_landmarker_graph.cc:174] Sets FaceBlendshapesGraph acceleration to xnnpack by default.
W0000 00:00:1758311157.344769   57714 inference_feedback_manager.cc:114] Feedback manager requires a model with a single signature inference. Disabling support for feedback tensors.
W0000 00:00:1758311157.368135   57714 inference_feedback_manager.cc:114] Feedback manager requires a model with a single signature inference. Disabling support for feedback tensors.
I0000 00:00:1758311158.437130   45384 gl_context_egl.cc:85] Successfully initialized EGL. Major : 1 Minor: 5
I0000 00:00:1758311158.449012   57736 gl_context.cc:369] GL version: 3.2 (OpenGL ES 3.2 NVIDIA 570.172.08), renderer: Tesla P100-PCIE-16GB/PCIe/SSE2
W0000 00:00:1758311158.451079   45384 face_landmarker_graph.cc:174] Sets FaceBlendshapesGraph acceleration to xnnpack by default.
W0000 00:00:1758311158.459183   57744 inference_feedback_manager.cc:114] Feedback manager requires a model with a single signature inference. Disabling support for feedback tensors.
W0000 00:00:1758311158.482929   57744 inference_feedback_manager.cc:114] Feedback manager requires a model with a single signature inference. Disabling support for feedback tensors.
I0000 00:00:1758311159.635108   45384 gl_context_egl.cc:85] Successfully initialized EGL. Major : 1 Minor: 5
I0000 00:00:1758311159.647600   57766 gl_context.cc:369] GL version: 3.2 (OpenGL ES 3.2 NVIDIA 570.172.08), renderer: Tesla P100-PCIE-16GB/PCIe/SSE2
W0000 00:00:1758311159.649700   45384 face_landmarker_graph.cc:174] Sets FaceBlendshapesGraph acceleration to xnnpack by default.
W0000 00:00:1758311159.656018   57774 inference_feedback_manager.cc:114] Feedback manager requires a model with a single signature inference. Disabling support for feedback tensors.
W0000 00:00:1758311159.679382   57774 inference_feedback_manager.cc:114] Feedback manager requires a model with a single signature inference. Disabling support for feedback tensors.
I0000 00:00:1758311161.291999   45384 gl_context_egl.cc:85] Successfully initialized EGL. Major : 1 Minor: 5
I0000 00:00:1758311161.303811   57796 gl_context.cc:369] GL version: 3.2 (OpenGL ES 3.2 NVIDIA 570.172.08), renderer: Tesla P100-PCIE-16GB/PCIe/SSE2
W0000 00:00:1758311161.309227   45384 face_landmarker_graph.cc:174] Sets FaceBlendshapesGraph acceleration to xnnpack by default.
W0000 00:00:1758311161.315514   57804 inference_feedback_manager.cc:114] Feedback manager requires a model with a single signature inference. Disabling support for feedback tensors.
W0000 00:00:1758311161.339212   57804 inference_feedback_manager.cc:114] Feedback manager requires a model with a single signature inference. Disabling support for feedback tensors.
I0000 00:00:1758311163.022695   45384 gl_context_egl.cc:85] Successfully initialized EGL. Major : 1 Minor: 5
I0000 00:00:1758311163.034464   57906 gl_context.cc:369] GL version: 3.2 (OpenGL ES 3.2 NVIDIA 570.172.08), renderer: Tesla P100-PCIE-16GB/PCIe/SSE2
W0000 00:00:1758311163.036675   45384 face_landmarker_graph.cc:174] Sets FaceBlendshapesGraph acceleration to xnnpack by default.
W0000 00:00:1758311163.043097   57914 inference_feedback_manager.cc:114] Feedback manager requires a model with a single signature inference. Disabling support for feedback tensors.
W0000 00:00:1758311163.055996   57914 inference_feedback_manager.cc:114] Feedback manager requires a model with a single signature inference. Disabling support for feedback tensors.
I0000 00:00:1758311165.141057   45384 gl_context_egl.cc:85] Successfully initialized EGL. Major : 1 Minor: 5
I0000 00:00:1758311165.152939   57936 gl_context.cc:369] GL version: 3.2 (OpenGL ES 3.2 NVIDIA 570.172.08), renderer: Tesla P100-PCIE-16GB/PCIe/SSE2
W0000 00:00:1758311165.156684   45384 face_landmarker_graph.cc:174] Sets FaceBlendshapesGraph acceleration to xnnpack by default.
W0000 00:00:1758311165.163128   57944 inference_feedback_manager.cc:114] Feedback manager requires a model with a single signature inference. Disabling support for feedback tensors.
W0000 00:00:1758311165.186690   57944 inference_feedback_manager.cc:114] Feedback manager requires a model with a single signature inference. Disabling support for feedback tensors.
I0000 00:00:1758311166.456340   45384 gl_context_egl.cc:85] Successfully initialized EGL. Major : 1 Minor: 5
I0000 00:00:1758311166.468160   57966 gl_context.cc:369] GL version: 3.2 (OpenGL ES 3.2 NVIDIA 570.172.08), renderer: Tesla P100-PCIE-16GB/PCIe/SSE2
W0000 00:00:1758311166.470336   45384 face_landmarker_graph.cc:174] Sets FaceBlendshapesGraph acceleration to xnnpack by default.
W0000 00:00:1758311166.476681   57974 inference_feedback_manager.cc:114] Feedback manager requires a model with a single signature inference. Disabling support for feedback tensors.
W0000 00:00:1758311166.499930   57974 inference_feedback_manager.cc:114] Feedback manager requires a model with a single signature inference. Disabling support for feedback tensors.
I0000 00:00:1758311167.000748   45384 gl_context_egl.cc:85] Successfully initialized EGL. Major : 1 Minor: 5
I0000 00:00:1758311167.012508   57996 gl_context.cc:369] GL version: 3.2 (OpenGL ES 3.2 NVIDIA 570.172.08), renderer: Tesla P100-PCIE-16GB/PCIe/SSE2
W0000 00:00:1758311167.020985   45384 face_landmarker_graph.cc:174] Sets FaceBlendshapesGraph acceleration to xnnpack by default.
W0000 00:00:1758311167.028938   58004 inference_feedback_manager.cc:114] Feedback manager requires a model with a single signature inference. Disabling support for feedback tensors.
W0000 00:00:1758311167.052742   58004 inference_feedback_manager.cc:114] Feedback manager requires a model with a single signature inference. Disabling support for feedback tensors.
I0000 00:00:1758311167.917741   45384 gl_context_egl.cc:85] Successfully initialized EGL. Major : 1 Minor: 5
I0000 00:00:1758311167.929653   58026 gl_context.cc:369] GL version: 3.2 (OpenGL ES 3.2 NVIDIA 570.172.08), renderer: Tesla P100-PCIE-16GB/PCIe/SSE2
W0000 00:00:1758311167.931833   45384 face_landmarker_graph.cc:174] Sets FaceBlendshapesGraph acceleration to xnnpack by default.
W0000 00:00:1758311167.939424   58034 inference_feedback_manager.cc:114] Feedback manager requires a model with a single signature inference. Disabling support for feedback tensors.
W0000 00:00:1758311167.963107   58034 inference_feedback_manager.cc:114] Feedback manager requires a model with a single signature inference. Disabling support for feedback tensors.
I0000 00:00:1758311169.549544   45384 gl_context_egl.cc:85] Successfully initialized EGL. Major : 1 Minor: 5
I0000 00:00:1758311169.561382   58056 gl_context.cc:369] GL version: 3.2 (OpenGL ES 3.2 NVIDIA 570.172.08), renderer: Tesla P100-PCIE-16GB/PCIe/SSE2
W0000 00:00:1758311169.565223   45384 face_landmarker_graph.cc:174] Sets FaceBlendshapesGraph acceleration to xnnpack by default.
W0000 00:00:1758311169.573136   58064 inference_feedback_manager.cc:114] Feedback manager requires a model with a single signature inference. Disabling support for feedback tensors.
W0000 00:00:1758311169.597167   58064 inference_feedback_manager.cc:114] Feedback manager requires a model with a single signature inference. Disabling support for feedback tensors.
I0000 00:00:1758311172.076498   45384 gl_context_egl.cc:85] Successfully initialized EGL. Major : 1 Minor: 5
I0000 00:00:1758311172.089000   58086 gl_context.cc:369] GL version: 3.2 (OpenGL ES 3.2 NVIDIA 570.172.08), renderer: Tesla P100-PCIE-16GB/PCIe/SSE2
W0000 00:00:1758311172.092089   45384 face_landmarker_graph.cc:174] Sets FaceBlendshapesGraph acceleration to xnnpack by default.
W0000 00:00:1758311172.098511   58094 inference_feedback_manager.cc:114] Feedback manager requires a model with a single signature inference. Disabling support for feedback tensors.
W0000 00:00:1758311172.121931   58094 inference_feedback_manager.cc:114] Feedback manager requires a model with a single signature inference. Disabling support for feedback tensors.
I0000 00:00:1758311172.947912   45384 gl_context_egl.cc:85] Successfully initialized EGL. Major : 1 Minor: 5
I0000 00:00:1758311172.959744   58116 gl_context.cc:369] GL version: 3.2 (OpenGL ES 3.2 NVIDIA 570.172.08), renderer: Tesla P100-PCIE-16GB/PCIe/SSE2
W0000 00:00:1758311172.961757   45384 face_landmarker_graph.cc:174] Sets FaceBlendshapesGraph acceleration to xnnpack by default.
W0000 00:00:1758311172.968030   58124 inference_feedback_manager.cc:114] Feedback manager requires a model with a single signature inference. Disabling support for feedback tensors.
W0000 00:00:1758311172.991382   58124 inference_feedback_manager.cc:114] Feedback manager requires a model with a single signature inference. Disabling support for feedback tensors.
I0000 00:00:1758311173.869177   45384 gl_context_egl.cc:85] Successfully initialized EGL. Major : 1 Minor: 5
I0000 00:00:1758311173.881033   58146 gl_context.cc:369] GL version: 3.2 (OpenGL ES 3.2 NVIDIA 570.172.08), renderer: Tesla P100-PCIE-16GB/PCIe/SSE2
W0000 00:00:1758311173.882899   45384 face_landmarker_graph.cc:174] Sets FaceBlendshapesGraph acceleration to xnnpack by default.
W0000 00:00:1758311173.889219   58154 inference_feedback_manager.cc:114] Feedback manager requires a model with a single signature inference. Disabling support for feedback tensors.
W0000 00:00:1758311173.912407   58154 inference_feedback_manager.cc:114] Feedback manager requires a model with a single signature inference. Disabling support for feedback tensors.
I0000 00:00:1758311174.628674   45384 gl_context_egl.cc:85] Successfully initialized EGL. Major : 1 Minor: 5
I0000 00:00:1758311174.640717   58176 gl_context.cc:369] GL version: 3.2 (OpenGL ES 3.2 NVIDIA 570.172.08), renderer: Tesla P100-PCIE-16GB/PCIe/SSE2
W0000 00:00:1758311174.643393   45384 face_landmarker_graph.cc:174] Sets FaceBlendshapesGraph acceleration to xnnpack by default.
W0000 00:00:1758311174.651642   58184 inference_feedback_manager.cc:114] Feedback manager requires a model with a single signature inference. Disabling support for feedback tensors.
W0000 00:00:1758311174.673476   58187 inference_feedback_manager.cc:114] Feedback manager requires a model with a single signature inference. Disabling support for feedback tensors.
I0000 00:00:1758311175.479939   45384 gl_context_egl.cc:85] Successfully initialized EGL. Major : 1 Minor: 5
I0000 00:00:1758311175.491806   58206 gl_context.cc:369] GL version: 3.2 (OpenGL ES 3.2 NVIDIA 570.172.08), renderer: Tesla P100-PCIE-16GB/PCIe/SSE2
W0000 00:00:1758311175.493820   45384 face_landmarker_graph.cc:174] Sets FaceBlendshapesGraph acceleration to xnnpack by default.
W0000 00:00:1758311175.501252   58214 inference_feedback_manager.cc:114] Feedback manager requires a model with a single signature inference. Disabling support for feedback tensors.
W0000 00:00:1758311175.523268   58217 inference_feedback_manager.cc:114] Feedback manager requires a model with a single signature inference. Disabling support for feedback tensors.
I0000 00:00:1758311176.343930   45384 gl_context_egl.cc:85] Successfully initialized EGL. Major : 1 Minor: 5
I0000 00:00:1758311176.356056   58236 gl_context.cc:369] GL version: 3.2 (OpenGL ES 3.2 NVIDIA 570.172.08), renderer: Tesla P100-PCIE-16GB/PCIe/SSE2
W0000 00:00:1758311176.360105   45384 face_landmarker_graph.cc:174] Sets FaceBlendshapesGraph acceleration to xnnpack by default.
W0000 00:00:1758311176.367885   58244 inference_feedback_manager.cc:114] Feedback manager requires a model with a single signature inference. Disabling support for feedback tensors.
W0000 00:00:1758311176.391816   58244 inference_feedback_manager.cc:114] Feedback manager requires a model with a single signature inference. Disabling support for feedback tensors.
I0000 00:00:1758311176.947888   45384 gl_context_egl.cc:85] Successfully initialized EGL. Major : 1 Minor: 5
I0000 00:00:1758311176.959768   58266 gl_context.cc:369] GL version: 3.2 (OpenGL ES 3.2 NVIDIA 570.172.08), renderer: Tesla P100-PCIE-16GB/PCIe/SSE2
W0000 00:00:1758311176.961882   45384 face_landmarker_graph.cc:174] Sets FaceBlendshapesGraph acceleration to xnnpack by default.
W0000 00:00:1758311176.968301   58274 inference_feedback_manager.cc:114] Feedback manager requires a model with a single signature inference. Disabling support for feedback tensors.
W0000 00:00:1758311176.992129   58274 inference_feedback_manager.cc:114] Feedback manager requires a model with a single signature inference. Disabling support for feedback tensors.
I0000 00:00:1758311177.931428   45384 gl_context_egl.cc:85] Successfully initialized EGL. Major : 1 Minor: 5
I0000 00:00:1758311177.943256   58338 gl_context.cc:369] GL version: 3.2 (OpenGL ES 3.2 NVIDIA 570.172.08), renderer: Tesla P100-PCIE-16GB/PCIe/SSE2
W0000 00:00:1758311177.945991   45384 face_landmarker_graph.cc:174] Sets FaceBlendshapesGraph acceleration to xnnpack by default.
W0000 00:00:1758311177.952344   58346 inference_feedback_manager.cc:114] Feedback manager requires a model with a single signature inference. Disabling support for feedback tensors.
W0000 00:00:1758311177.975849   58346 inference_feedback_manager.cc:114] Feedback manager requires a model with a single signature inference. Disabling support for feedback tensors.
I0000 00:00:1758311178.673105   45384 gl_context_egl.cc:85] Successfully initialized EGL. Major : 1 Minor: 5
I0000 00:00:1758311178.684920   58368 gl_context.cc:369] GL version: 3.2 (OpenGL ES 3.2 NVIDIA 570.172.08), renderer: Tesla P100-PCIE-16GB/PCIe/SSE2
W0000 00:00:1758311178.686946   45384 face_landmarker_graph.cc:174] Sets FaceBlendshapesGraph acceleration to xnnpack by default.
W0000 00:00:1758311178.694440   58376 inference_feedback_manager.cc:114] Feedback manager requires a model with a single signature inference. Disabling support for feedback tensors.
W0000 00:00:1758311178.718358   58376 inference_feedback_manager.cc:114] Feedback manager requires a model with a single signature inference. Disabling support for feedback tensors.
I0000 00:00:1758311179.557751   45384 gl_context_egl.cc:85] Successfully initialized EGL. Major : 1 Minor: 5
I0000 00:00:1758311179.569660   58398 gl_context.cc:369] GL version: 3.2 (OpenGL ES 3.2 NVIDIA 570.172.08), renderer: Tesla P100-PCIE-16GB/PCIe/SSE2
W0000 00:00:1758311179.572209   45384 face_landmarker_graph.cc:174] Sets FaceBlendshapesGraph acceleration to xnnpack by default.
W0000 00:00:1758311179.578681   58406 inference_feedback_manager.cc:114] Feedback manager requires a model with a single signature inference. Disabling support for feedback tensors.
W0000 00:00:1758311179.601888   58406 inference_feedback_manager.cc:114] Feedback manager requires a model with a single signature inference. Disabling support for feedback tensors.
I0000 00:00:1758311180.669194   45384 gl_context_egl.cc:85] Successfully initialized EGL. Major : 1 Minor: 5
I0000 00:00:1758311180.680865   58428 gl_context.cc:369] GL version: 3.2 (OpenGL ES 3.2 NVIDIA 570.172.08), renderer: Tesla P100-PCIE-16GB/PCIe/SSE2
W0000 00:00:1758311180.683590   45384 face_landmarker_graph.cc:174] Sets FaceBlendshapesGraph acceleration to xnnpack by default.
W0000 00:00:1758311180.689895   58436 inference_feedback_manager.cc:114] Feedback manager requires a model with a single signature inference. Disabling support for feedback tensors.
W0000 00:00:1758311180.713491   58436 inference_feedback_manager.cc:114] Feedback manager requires a model with a single signature inference. Disabling support for feedback tensors.
I0000 00:00:1758311181.594080   45384 gl_context_egl.cc:85] Successfully initialized EGL. Major : 1 Minor: 5
I0000 00:00:1758311181.605965   58458 gl_context.cc:369] GL version: 3.2 (OpenGL ES 3.2 NVIDIA 570.172.08), renderer: Tesla P100-PCIE-16GB/PCIe/SSE2
W0000 00:00:1758311181.607864   45384 face_landmarker_graph.cc:174] Sets FaceBlendshapesGraph acceleration to xnnpack by default.
W0000 00:00:1758311181.614182   58466 inference_feedback_manager.cc:114] Feedback manager requires a model with a single signature inference. Disabling support for feedback tensors.
W0000 00:00:1758311181.637586   58466 inference_feedback_manager.cc:114] Feedback manager requires a model with a single signature inference. Disabling support for feedback tensors.
I0000 00:00:1758311182.339651   45384 gl_context_egl.cc:85] Successfully initialized EGL. Major : 1 Minor: 5
I0000 00:00:1758311182.351452   58488 gl_context.cc:369] GL version: 3.2 (OpenGL ES 3.2 NVIDIA 570.172.08), renderer: Tesla P100-PCIE-16GB/PCIe/SSE2
W0000 00:00:1758311182.354652   45384 face_landmarker_graph.cc:174] Sets FaceBlendshapesGraph acceleration to xnnpack by default.
W0000 00:00:1758311182.363011   58496 inference_feedback_manager.cc:114] Feedback manager requires a model with a single signature inference. Disabling support for feedback tensors.
W0000 00:00:1758311182.386603   58499 inference_feedback_manager.cc:114] Feedback manager requires a model with a single signature inference. Disabling support for feedback tensors.
I0000 00:00:1758311183.203678   45384 gl_context_egl.cc:85] Successfully initialized EGL. Major : 1 Minor: 5
I0000 00:00:1758311183.216246   58518 gl_context.cc:369] GL version: 3.2 (OpenGL ES 3.2 NVIDIA 570.172.08), renderer: Tesla P100-PCIE-16GB/PCIe/SSE2
W0000 00:00:1758311183.218490   45384 face_landmarker_graph.cc:174] Sets FaceBlendshapesGraph acceleration to xnnpack by default.
W0000 00:00:1758311183.226932   58526 inference_feedback_manager.cc:114] Feedback manager requires a model with a single signature inference. Disabling support for feedback tensors.
W0000 00:00:1758311183.248837   58529 inference_feedback_manager.cc:114] Feedback manager requires a model with a single signature inference. Disabling support for feedback tensors.
I0000 00:00:1758311184.127592   45384 gl_context_egl.cc:85] Successfully initialized EGL. Major : 1 Minor: 5
I0000 00:00:1758311184.139195   58548 gl_context.cc:369] GL version: 3.2 (OpenGL ES 3.2 NVIDIA 570.172.08), renderer: Tesla P100-PCIE-16GB/PCIe/SSE2
W0000 00:00:1758311184.141354   45384 face_landmarker_graph.cc:174] Sets FaceBlendshapesGraph acceleration to xnnpack by default.
W0000 00:00:1758311184.147778   58556 inference_feedback_manager.cc:114] Feedback manager requires a model with a single signature inference. Disabling support for feedback tensors.
W0000 00:00:1758311184.167526   58556 inference_feedback_manager.cc:114] Feedback manager requires a model with a single signature inference. Disabling support for feedback tensors.
I0000 00:00:1758311184.721196   45384 gl_context_egl.cc:85] Successfully initialized EGL. Major : 1 Minor: 5
I0000 00:00:1758311184.732991   58579 gl_context.cc:369] GL version: 3.2 (OpenGL ES 3.2 NVIDIA 570.172.08), renderer: Tesla P100-PCIE-16GB/PCIe/SSE2
W0000 00:00:1758311184.735460   45384 face_landmarker_graph.cc:174] Sets FaceBlendshapesGraph acceleration to xnnpack by default.
W0000 00:00:1758311184.742995   58587 inference_feedback_manager.cc:114] Feedback manager requires a model with a single signature inference. Disabling support for feedback tensors.
W0000 00:00:1758311184.766936   58587 inference_feedback_manager.cc:114] Feedback manager requires a model with a single signature inference. Disabling support for feedback tensors.
I0000 00:00:1758311185.855553   45384 gl_context_egl.cc:85] Successfully initialized EGL. Major : 1 Minor: 5
I0000 00:00:1758311185.867465   58609 gl_context.cc:369] GL version: 3.2 (OpenGL ES 3.2 NVIDIA 570.172.08), renderer: Tesla P100-PCIE-16GB/PCIe/SSE2
W0000 00:00:1758311185.870256   45384 face_landmarker_graph.cc:174] Sets FaceBlendshapesGraph acceleration to xnnpack by default.
W0000 00:00:1758311185.876958   58617 inference_feedback_manager.cc:114] Feedback manager requires a model with a single signature inference. Disabling support for feedback tensors.
W0000 00:00:1758311185.900313   58617 inference_feedback_manager.cc:114] Feedback manager requires a model with a single signature inference. Disabling support for feedback tensors.
I0000 00:00:1758311186.498692   45384 gl_context_egl.cc:85] Successfully initialized EGL. Major : 1 Minor: 5
I0000 00:00:1758311186.510520   58639 gl_context.cc:369] GL version: 3.2 (OpenGL ES 3.2 NVIDIA 570.172.08), renderer: Tesla P100-PCIE-16GB/PCIe/SSE2
W0000 00:00:1758311186.512425   45384 face_landmarker_graph.cc:174] Sets FaceBlendshapesGraph acceleration to xnnpack by default.
W0000 00:00:1758311186.518754   58647 inference_feedback_manager.cc:114] Feedback manager requires a model with a single signature inference. Disabling support for feedback tensors.
W0000 00:00:1758311186.542514   58647 inference_feedback_manager.cc:114] Feedback manager requires a model with a single signature inference. Disabling support for feedback tensors.
I0000 00:00:1758311187.240775   45384 gl_context_egl.cc:85] Successfully initialized EGL. Major : 1 Minor: 5
I0000 00:00:1758311187.252486   58669 gl_context.cc:369] GL version: 3.2 (OpenGL ES 3.2 NVIDIA 570.172.08), renderer: Tesla P100-PCIE-16GB/PCIe/SSE2
W0000 00:00:1758311187.256915   45384 face_landmarker_graph.cc:174] Sets FaceBlendshapesGraph acceleration to xnnpack by default.
W0000 00:00:1758311187.263398   58677 inference_feedback_manager.cc:114] Feedback manager requires a model with a single signature inference. Disabling support for feedback tensors.
W0000 00:00:1758311187.287071   58677 inference_feedback_manager.cc:114] Feedback manager requires a model with a single signature inference. Disabling support for feedback tensors.
I0000 00:00:1758311188.022676   45384 gl_context_egl.cc:85] Successfully initialized EGL. Major : 1 Minor: 5
I0000 00:00:1758311188.035790   58705 gl_context.cc:369] GL version: 3.2 (OpenGL ES 3.2 NVIDIA 570.172.08), renderer: Tesla P100-PCIE-16GB/PCIe/SSE2
W0000 00:00:1758311188.039190   45384 face_landmarker_graph.cc:174] Sets FaceBlendshapesGraph acceleration to xnnpack by default.
W0000 00:00:1758311188.046178   58713 inference_feedback_manager.cc:114] Feedback manager requires a model with a single signature inference. Disabling support for feedback tensors.
W0000 00:00:1758311188.072918   58713 inference_feedback_manager.cc:114] Feedback manager requires a model with a single signature inference. Disabling support for feedback tensors.
I0000 00:00:1758311188.953517   45384 gl_context_egl.cc:85] Successfully initialized EGL. Major : 1 Minor: 5
I0000 00:00:1758311188.966004   58735 gl_context.cc:369] GL version: 3.2 (OpenGL ES 3.2 NVIDIA 570.172.08), renderer: Tesla P100-PCIE-16GB/PCIe/SSE2
W0000 00:00:1758311188.970298   45384 face_landmarker_graph.cc:174] Sets FaceBlendshapesGraph acceleration to xnnpack by default.
W0000 00:00:1758311188.978780   58742 inference_feedback_manager.cc:114] Feedback manager requires a model with a single signature inference. Disabling support for feedback tensors.
W0000 00:00:1758311189.003168   58742 inference_feedback_manager.cc:114] Feedback manager requires a model with a single signature inference. Disabling support for feedback tensors.
I0000 00:00:1758311189.906054   45384 gl_context_egl.cc:85] Successfully initialized EGL. Major : 1 Minor: 5
I0000 00:00:1758311189.917881   58771 gl_context.cc:369] GL version: 3.2 (OpenGL ES 3.2 NVIDIA 570.172.08), renderer: Tesla P100-PCIE-16GB/PCIe/SSE2
W0000 00:00:1758311189.922714   45384 face_landmarker_graph.cc:174] Sets FaceBlendshapesGraph acceleration to xnnpack by default.
W0000 00:00:1758311189.930195   58779 inference_feedback_manager.cc:114] Feedback manager requires a model with a single signature inference. Disabling support for feedback tensors.
W0000 00:00:1758311189.953803   58779 inference_feedback_manager.cc:114] Feedback manager requires a model with a single signature inference. Disabling support for feedback tensors.
I0000 00:00:1758311191.268433   45384 gl_context_egl.cc:85] Successfully initialized EGL. Major : 1 Minor: 5
I0000 00:00:1758311191.280244   58801 gl_context.cc:369] GL version: 3.2 (OpenGL ES 3.2 NVIDIA 570.172.08), renderer: Tesla P100-PCIE-16GB/PCIe/SSE2
W0000 00:00:1758311191.284625   45384 face_landmarker_graph.cc:174] Sets FaceBlendshapesGraph acceleration to xnnpack by default.
W0000 00:00:1758311191.292128   58809 inference_feedback_manager.cc:114] Feedback manager requires a model with a single signature inference. Disabling support for feedback tensors.
W0000 00:00:1758311191.315762   58809 inference_feedback_manager.cc:114] Feedback manager requires a model with a single signature inference. Disabling support for feedback tensors.
I0000 00:00:1758311192.033775   45384 gl_context_egl.cc:85] Successfully initialized EGL. Major : 1 Minor: 5
I0000 00:00:1758311192.045637   58831 gl_context.cc:369] GL version: 3.2 (OpenGL ES 3.2 NVIDIA 570.172.08), renderer: Tesla P100-PCIE-16GB/PCIe/SSE2
W0000 00:00:1758311192.049443   45384 face_landmarker_graph.cc:174] Sets FaceBlendshapesGraph acceleration to xnnpack by default.
W0000 00:00:1758311192.056152   58839 inference_feedback_manager.cc:114] Feedback manager requires a model with a single signature inference. Disabling support for feedback tensors.
W0000 00:00:1758311192.079892   58839 inference_feedback_manager.cc:114] Feedback manager requires a model with a single signature inference. Disabling support for feedback tensors.
I0000 00:00:1758311192.818661   45384 gl_context_egl.cc:85] Successfully initialized EGL. Major : 1 Minor: 5
I0000 00:00:1758311192.830395   58861 gl_context.cc:369] GL version: 3.2 (OpenGL ES 3.2 NVIDIA 570.172.08), renderer: Tesla P100-PCIE-16GB/PCIe/SSE2
W0000 00:00:1758311192.833144   45384 face_landmarker_graph.cc:174] Sets FaceBlendshapesGraph acceleration to xnnpack by default.
W0000 00:00:1758311192.841073   58869 inference_feedback_manager.cc:114] Feedback manager requires a model with a single signature inference. Disabling support for feedback tensors.
W0000 00:00:1758311192.864827   58869 inference_feedback_manager.cc:114] Feedback manager requires a model with a single signature inference. Disabling support for feedback tensors.
I0000 00:00:1758311194.459472   45384 gl_context_egl.cc:85] Successfully initialized EGL. Major : 1 Minor: 5
I0000 00:00:1758311194.471287   58891 gl_context.cc:369] GL version: 3.2 (OpenGL ES 3.2 NVIDIA 570.172.08), renderer: Tesla P100-PCIE-16GB/PCIe/SSE2
W0000 00:00:1758311194.473400   45384 face_landmarker_graph.cc:174] Sets FaceBlendshapesGraph acceleration to xnnpack by default.
W0000 00:00:1758311194.479704   58899 inference_feedback_manager.cc:114] Feedback manager requires a model with a single signature inference. Disabling support for feedback tensors.
W0000 00:00:1758311194.503119   58899 inference_feedback_manager.cc:114] Feedback manager requires a model with a single signature inference. Disabling support for feedback tensors.
I0000 00:00:1758311195.145791   45384 gl_context_egl.cc:85] Successfully initialized EGL. Major : 1 Minor: 5
I0000 00:00:1758311195.157483   58921 gl_context.cc:369] GL version: 3.2 (OpenGL ES 3.2 NVIDIA 570.172.08), renderer: Tesla P100-PCIE-16GB/PCIe/SSE2
W0000 00:00:1758311195.160204   45384 face_landmarker_graph.cc:174] Sets FaceBlendshapesGraph acceleration to xnnpack by default.
W0000 00:00:1758311195.166512   58929 inference_feedback_manager.cc:114] Feedback manager requires a model with a single signature inference. Disabling support for feedback tensors.
W0000 00:00:1758311195.189791   58929 inference_feedback_manager.cc:114] Feedback manager requires a model with a single signature inference. Disabling support for feedback tensors.
I0000 00:00:1758311195.908570   45384 gl_context_egl.cc:85] Successfully initialized EGL. Major : 1 Minor: 5
I0000 00:00:1758311195.920436   58951 gl_context.cc:369] GL version: 3.2 (OpenGL ES 3.2 NVIDIA 570.172.08), renderer: Tesla P100-PCIE-16GB/PCIe/SSE2
W0000 00:00:1758311195.922730   45384 face_landmarker_graph.cc:174] Sets FaceBlendshapesGraph acceleration to xnnpack by default.
W0000 00:00:1758311195.929077   58959 inference_feedback_manager.cc:114] Feedback manager requires a model with a single signature inference. Disabling support for feedback tensors.
W0000 00:00:1758311195.952545   58959 inference_feedback_manager.cc:114] Feedback manager requires a model with a single signature inference. Disabling support for feedback tensors.
I0000 00:00:1758311196.597283   45384 gl_context_egl.cc:85] Successfully initialized EGL. Major : 1 Minor: 5
I0000 00:00:1758311196.609886   58981 gl_context.cc:369] GL version: 3.2 (OpenGL ES 3.2 NVIDIA 570.172.08), renderer: Tesla P100-PCIE-16GB/PCIe/SSE2
W0000 00:00:1758311196.611921   45384 face_landmarker_graph.cc:174] Sets FaceBlendshapesGraph acceleration to xnnpack by default.
W0000 00:00:1758311196.618493   58989 inference_feedback_manager.cc:114] Feedback manager requires a model with a single signature inference. Disabling support for feedback tensors.
W0000 00:00:1758311196.642026   58989 inference_feedback_manager.cc:114] Feedback manager requires a model with a single signature inference. Disabling support for feedback tensors.
I0000 00:00:1758311197.447026   45384 gl_context_egl.cc:85] Successfully initialized EGL. Major : 1 Minor: 5
I0000 00:00:1758311197.458799   59011 gl_context.cc:369] GL version: 3.2 (OpenGL ES 3.2 NVIDIA 570.172.08), renderer: Tesla P100-PCIE-16GB/PCIe/SSE2
W0000 00:00:1758311197.461546   45384 face_landmarker_graph.cc:174] Sets FaceBlendshapesGraph acceleration to xnnpack by default.
W0000 00:00:1758311197.467938   59019 inference_feedback_manager.cc:114] Feedback manager requires a model with a single signature inference. Disabling support for feedback tensors.
W0000 00:00:1758311197.491718   59019 inference_feedback_manager.cc:114] Feedback manager requires a model with a single signature inference. Disabling support for feedback tensors.
I0000 00:00:1758311198.126079   45384 gl_context_egl.cc:85] Successfully initialized EGL. Major : 1 Minor: 5
I0000 00:00:1758311198.137751   59041 gl_context.cc:369] GL version: 3.2 (OpenGL ES 3.2 NVIDIA 570.172.08), renderer: Tesla P100-PCIE-16GB/PCIe/SSE2
W0000 00:00:1758311198.141584   45384 face_landmarker_graph.cc:174] Sets FaceBlendshapesGraph acceleration to xnnpack by default.
W0000 00:00:1758311198.149479   59049 inference_feedback_manager.cc:114] Feedback manager requires a model with a single signature inference. Disabling support for feedback tensors.
W0000 00:00:1758311198.172625   59049 inference_feedback_manager.cc:114] Feedback manager requires a model with a single signature inference. Disabling support for feedback tensors.
I0000 00:00:1758311198.894838   45384 gl_context_egl.cc:85] Successfully initialized EGL. Major : 1 Minor: 5
I0000 00:00:1758311198.906694   59071 gl_context.cc:369] GL version: 3.2 (OpenGL ES 3.2 NVIDIA 570.172.08), renderer: Tesla P100-PCIE-16GB/PCIe/SSE2
W0000 00:00:1758311198.909026   45384 face_landmarker_graph.cc:174] Sets FaceBlendshapesGraph acceleration to xnnpack by default.
W0000 00:00:1758311198.915462   59079 inference_feedback_manager.cc:114] Feedback manager requires a model with a single signature inference. Disabling support for feedback tensors.
W0000 00:00:1758311198.939136   59079 inference_feedback_manager.cc:114] Feedback manager requires a model with a single signature inference. Disabling support for feedback tensors.
I0000 00:00:1758311199.806206   45384 gl_context_egl.cc:85] Successfully initialized EGL. Major : 1 Minor: 5
I0000 00:00:1758311199.818114   59101 gl_context.cc:369] GL version: 3.2 (OpenGL ES 3.2 NVIDIA 570.172.08), renderer: Tesla P100-PCIE-16GB/PCIe/SSE2
W0000 00:00:1758311199.820104   45384 face_landmarker_graph.cc:174] Sets FaceBlendshapesGraph acceleration to xnnpack by default.
W0000 00:00:1758311199.826467   59109 inference_feedback_manager.cc:114] Feedback manager requires a model with a single signature inference. Disabling support for feedback tensors.
W0000 00:00:1758311199.850117   59109 inference_feedback_manager.cc:114] Feedback manager requires a model with a single signature inference. Disabling support for feedback tensors.
I0000 00:00:1758311200.581495   45384 gl_context_egl.cc:85] Successfully initialized EGL. Major : 1 Minor: 5
I0000 00:00:1758311200.593507   59131 gl_context.cc:369] GL version: 3.2 (OpenGL ES 3.2 NVIDIA 570.172.08), renderer: Tesla P100-PCIE-16GB/PCIe/SSE2
W0000 00:00:1758311200.596427   45384 face_landmarker_graph.cc:174] Sets FaceBlendshapesGraph acceleration to xnnpack by default.
W0000 00:00:1758311200.604463   59139 inference_feedback_manager.cc:114] Feedback manager requires a model with a single signature inference. Disabling support for feedback tensors.
W0000 00:00:1758311200.628237   59139 inference_feedback_manager.cc:114] Feedback manager requires a model with a single signature inference. Disabling support for feedback tensors.
I0000 00:00:1758311201.691282   45384 gl_context_egl.cc:85] Successfully initialized EGL. Major : 1 Minor: 5
I0000 00:00:1758311201.703015   59161 gl_context.cc:369] GL version: 3.2 (OpenGL ES 3.2 NVIDIA 570.172.08), renderer: Tesla P100-PCIE-16GB/PCIe/SSE2
W0000 00:00:1758311201.705077   45384 face_landmarker_graph.cc:174] Sets FaceBlendshapesGraph acceleration to xnnpack by default.
W0000 00:00:1758311201.711319   59169 inference_feedback_manager.cc:114] Feedback manager requires a model with a single signature inference. Disabling support for feedback tensors.
W0000 00:00:1758311201.734790   59169 inference_feedback_manager.cc:114] Feedback manager requires a model with a single signature inference. Disabling support for feedback tensors.
I0000 00:00:1758311202.308502   45384 gl_context_egl.cc:85] Successfully initialized EGL. Major : 1 Minor: 5
I0000 00:00:1758311202.320332   59191 gl_context.cc:369] GL version: 3.2 (OpenGL ES 3.2 NVIDIA 570.172.08), renderer: Tesla P100-PCIE-16GB/PCIe/SSE2
W0000 00:00:1758311202.324699   45384 face_landmarker_graph.cc:174] Sets FaceBlendshapesGraph acceleration to xnnpack by default.
W0000 00:00:1758311202.332186   59199 inference_feedback_manager.cc:114] Feedback manager requires a model with a single signature inference. Disabling support for feedback tensors.
W0000 00:00:1758311202.355985   59199 inference_feedback_manager.cc:114] Feedback manager requires a model with a single signature inference. Disabling support for feedback tensors.
I0000 00:00:1758311203.435452   45384 gl_context_egl.cc:85] Successfully initialized EGL. Major : 1 Minor: 5
I0000 00:00:1758311203.447324   59221 gl_context.cc:369] GL version: 3.2 (OpenGL ES 3.2 NVIDIA 570.172.08), renderer: Tesla P100-PCIE-16GB/PCIe/SSE2
W0000 00:00:1758311203.449687   45384 face_landmarker_graph.cc:174] Sets FaceBlendshapesGraph acceleration to xnnpack by default.
W0000 00:00:1758311203.456035   59229 inference_feedback_manager.cc:114] Feedback manager requires a model with a single signature inference. Disabling support for feedback tensors.
W0000 00:00:1758311203.479635   59229 inference_feedback_manager.cc:114] Feedback manager requires a model with a single signature inference. Disabling support for feedback tensors.
I0000 00:00:1758311204.197740   45384 gl_context_egl.cc:85] Successfully initialized EGL. Major : 1 Minor: 5
I0000 00:00:1758311204.209619   59251 gl_context.cc:369] GL version: 3.2 (OpenGL ES 3.2 NVIDIA 570.172.08), renderer: Tesla P100-PCIE-16GB/PCIe/SSE2
W0000 00:00:1758311204.212129   45384 face_landmarker_graph.cc:174] Sets FaceBlendshapesGraph acceleration to xnnpack by default.
W0000 00:00:1758311204.218566   59259 inference_feedback_manager.cc:114] Feedback manager requires a model with a single signature inference. Disabling support for feedback tensors.
W0000 00:00:1758311204.241885   59259 inference_feedback_manager.cc:114] Feedback manager requires a model with a single signature inference. Disabling support for feedback tensors.
I0000 00:00:1758311205.176621   45384 gl_context_egl.cc:85] Successfully initialized EGL. Major : 1 Minor: 5
I0000 00:00:1758311205.188581   59281 gl_context.cc:369] GL version: 3.2 (OpenGL ES 3.2 NVIDIA 570.172.08), renderer: Tesla P100-PCIE-16GB/PCIe/SSE2
W0000 00:00:1758311205.190681   45384 face_landmarker_graph.cc:174] Sets FaceBlendshapesGraph acceleration to xnnpack by default.
W0000 00:00:1758311205.196954   59289 inference_feedback_manager.cc:114] Feedback manager requires a model with a single signature inference. Disabling support for feedback tensors.
W0000 00:00:1758311205.220778   59289 inference_feedback_manager.cc:114] Feedback manager requires a model with a single signature inference. Disabling support for feedback tensors.
I0000 00:00:1758311205.755659   45384 gl_context_egl.cc:85] Successfully initialized EGL. Major : 1 Minor: 5
I0000 00:00:1758311205.767708   59311 gl_context.cc:369] GL version: 3.2 (OpenGL ES 3.2 NVIDIA 570.172.08), renderer: Tesla P100-PCIE-16GB/PCIe/SSE2
W0000 00:00:1758311205.770509   45384 face_landmarker_graph.cc:174] Sets FaceBlendshapesGraph acceleration to xnnpack by default.
W0000 00:00:1758311205.776864   59319 inference_feedback_manager.cc:114] Feedback manager requires a model with a single signature inference. Disabling support for feedback tensors.
W0000 00:00:1758311205.800294   59319 inference_feedback_manager.cc:114] Feedback manager requires a model with a single signature inference. Disabling support for feedback tensors.
I0000 00:00:1758311207.171676   45384 gl_context_egl.cc:85] Successfully initialized EGL. Major : 1 Minor: 5
I0000 00:00:1758311207.183639   59341 gl_context.cc:369] GL version: 3.2 (OpenGL ES 3.2 NVIDIA 570.172.08), renderer: Tesla P100-PCIE-16GB/PCIe/SSE2
W0000 00:00:1758311207.185808   45384 face_landmarker_graph.cc:174] Sets FaceBlendshapesGraph acceleration to xnnpack by default.
W0000 00:00:1758311207.192300   59349 inference_feedback_manager.cc:114] Feedback manager requires a model with a single signature inference. Disabling support for feedback tensors.
W0000 00:00:1758311207.215828   59349 inference_feedback_manager.cc:114] Feedback manager requires a model with a single signature inference. Disabling support for feedback tensors.
I0000 00:00:1758311208.083153   45384 gl_context_egl.cc:85] Successfully initialized EGL. Major : 1 Minor: 5
I0000 00:00:1758311208.095064   59371 gl_context.cc:369] GL version: 3.2 (OpenGL ES 3.2 NVIDIA 570.172.08), renderer: Tesla P100-PCIE-16GB/PCIe/SSE2
W0000 00:00:1758311208.097085   45384 face_landmarker_graph.cc:174] Sets FaceBlendshapesGraph acceleration to xnnpack by default.
W0000 00:00:1758311208.103394   59379 inference_feedback_manager.cc:114] Feedback manager requires a model with a single signature inference. Disabling support for feedback tensors.
W0000 00:00:1758311208.126649   59379 inference_feedback_manager.cc:114] Feedback manager requires a model with a single signature inference. Disabling support for feedback tensors.
I0000 00:00:1758311209.589632   45384 gl_context_egl.cc:85] Successfully initialized EGL. Major : 1 Minor: 5
I0000 00:00:1758311209.602128   59401 gl_context.cc:369] GL version: 3.2 (OpenGL ES 3.2 NVIDIA 570.172.08), renderer: Tesla P100-PCIE-16GB/PCIe/SSE2
W0000 00:00:1758311209.604044   45384 face_landmarker_graph.cc:174] Sets FaceBlendshapesGraph acceleration to xnnpack by default.
W0000 00:00:1758311209.610298   59409 inference_feedback_manager.cc:114] Feedback manager requires a model with a single signature inference. Disabling support for feedback tensors.
W0000 00:00:1758311209.633749   59409 inference_feedback_manager.cc:114] Feedback manager requires a model with a single signature inference. Disabling support for feedback tensors.
I0000 00:00:1758311211.600088   45384 gl_context_egl.cc:85] Successfully initialized EGL. Major : 1 Minor: 5
I0000 00:00:1758311211.611942   59431 gl_context.cc:369] GL version: 3.2 (OpenGL ES 3.2 NVIDIA 570.172.08), renderer: Tesla P100-PCIE-16GB/PCIe/SSE2
W0000 00:00:1758311211.614062   45384 face_landmarker_graph.cc:174] Sets FaceBlendshapesGraph acceleration to xnnpack by default.
W0000 00:00:1758311211.621638   59439 inference_feedback_manager.cc:114] Feedback manager requires a model with a single signature inference. Disabling support for feedback tensors.
W0000 00:00:1758311211.645525   59439 inference_feedback_manager.cc:114] Feedback manager requires a model with a single signature inference. Disabling support for feedback tensors.
I0000 00:00:1758311213.023074   45384 gl_context_egl.cc:85] Successfully initialized EGL. Major : 1 Minor: 5
I0000 00:00:1758311213.034779   59461 gl_context.cc:369] GL version: 3.2 (OpenGL ES 3.2 NVIDIA 570.172.08), renderer: Tesla P100-PCIE-16GB/PCIe/SSE2
W0000 00:00:1758311213.037383   45384 face_landmarker_graph.cc:174] Sets FaceBlendshapesGraph acceleration to xnnpack by default.
W0000 00:00:1758311213.045678   59469 inference_feedback_manager.cc:114] Feedback manager requires a model with a single signature inference. Disabling support for feedback tensors.
W0000 00:00:1758311213.066900   59472 inference_feedback_manager.cc:114] Feedback manager requires a model with a single signature inference. Disabling support for feedback tensors.
I0000 00:00:1758311214.076423   45384 gl_context_egl.cc:85] Successfully initialized EGL. Major : 1 Minor: 5
I0000 00:00:1758311214.088292   59491 gl_context.cc:369] GL version: 3.2 (OpenGL ES 3.2 NVIDIA 570.172.08), renderer: Tesla P100-PCIE-16GB/PCIe/SSE2
W0000 00:00:1758311214.091380   45384 face_landmarker_graph.cc:174] Sets FaceBlendshapesGraph acceleration to xnnpack by default.
W0000 00:00:1758311214.099666   59499 inference_feedback_manager.cc:114] Feedback manager requires a model with a single signature inference. Disabling support for feedback tensors.
W0000 00:00:1758311214.121279   59501 inference_feedback_manager.cc:114] Feedback manager requires a model with a single signature inference. Disabling support for feedback tensors.
I0000 00:00:1758311214.701320   45384 gl_context_egl.cc:85] Successfully initialized EGL. Major : 1 Minor: 5
I0000 00:00:1758311214.713112   59521 gl_context.cc:369] GL version: 3.2 (OpenGL ES 3.2 NVIDIA 570.172.08), renderer: Tesla P100-PCIE-16GB/PCIe/SSE2
W0000 00:00:1758311214.715190   45384 face_landmarker_graph.cc:174] Sets FaceBlendshapesGraph acceleration to xnnpack by default.
W0000 00:00:1758311214.721773   59529 inference_feedback_manager.cc:114] Feedback manager requires a model with a single signature inference. Disabling support for feedback tensors.
W0000 00:00:1758311214.745220   59529 inference_feedback_manager.cc:114] Feedback manager requires a model with a single signature inference. Disabling support for feedback tensors.
I0000 00:00:1758311215.655318   45384 gl_context_egl.cc:85] Successfully initialized EGL. Major : 1 Minor: 5
I0000 00:00:1758311215.667164   59551 gl_context.cc:369] GL version: 3.2 (OpenGL ES 3.2 NVIDIA 570.172.08), renderer: Tesla P100-PCIE-16GB/PCIe/SSE2
W0000 00:00:1758311215.669289   45384 face_landmarker_graph.cc:174] Sets FaceBlendshapesGraph acceleration to xnnpack by default.
W0000 00:00:1758311215.676804   59559 inference_feedback_manager.cc:114] Feedback manager requires a model with a single signature inference. Disabling support for feedback tensors.
W0000 00:00:1758311215.700582   59559 inference_feedback_manager.cc:114] Feedback manager requires a model with a single signature inference. Disabling support for feedback tensors.
I0000 00:00:1758311216.247533   45384 gl_context_egl.cc:85] Successfully initialized EGL. Major : 1 Minor: 5
I0000 00:00:1758311216.259263   59581 gl_context.cc:369] GL version: 3.2 (OpenGL ES 3.2 NVIDIA 570.172.08), renderer: Tesla P100-PCIE-16GB/PCIe/SSE2
W0000 00:00:1758311216.262853   45384 face_landmarker_graph.cc:174] Sets FaceBlendshapesGraph acceleration to xnnpack by default.
W0000 00:00:1758311216.270712   59589 inference_feedback_manager.cc:114] Feedback manager requires a model with a single signature inference. Disabling support for feedback tensors.
W0000 00:00:1758311216.293844   59589 inference_feedback_manager.cc:114] Feedback manager requires a model with a single signature inference. Disabling support for feedback tensors.
I0000 00:00:1758311217.104311   45384 gl_context_egl.cc:85] Successfully initialized EGL. Major : 1 Minor: 5
I0000 00:00:1758311217.116105   59611 gl_context.cc:369] GL version: 3.2 (OpenGL ES 3.2 NVIDIA 570.172.08), renderer: Tesla P100-PCIE-16GB/PCIe/SSE2
W0000 00:00:1758311217.118105   45384 face_landmarker_graph.cc:174] Sets FaceBlendshapesGraph acceleration to xnnpack by default.
W0000 00:00:1758311217.125694   59619 inference_feedback_manager.cc:114] Feedback manager requires a model with a single signature inference. Disabling support for feedback tensors.
W0000 00:00:1758311217.149358   59619 inference_feedback_manager.cc:114] Feedback manager requires a model with a single signature inference. Disabling support for feedback tensors.
I0000 00:00:1758311217.836930   45384 gl_context_egl.cc:85] Successfully initialized EGL. Major : 1 Minor: 5
I0000 00:00:1758311217.848694   59641 gl_context.cc:369] GL version: 3.2 (OpenGL ES 3.2 NVIDIA 570.172.08), renderer: Tesla P100-PCIE-16GB/PCIe/SSE2
W0000 00:00:1758311217.851306   45384 face_landmarker_graph.cc:174] Sets FaceBlendshapesGraph acceleration to xnnpack by default.
W0000 00:00:1758311217.859657   59649 inference_feedback_manager.cc:114] Feedback manager requires a model with a single signature inference. Disabling support for feedback tensors.
W0000 00:00:1758311217.881024   59652 inference_feedback_manager.cc:114] Feedback manager requires a model with a single signature inference. Disabling support for feedback tensors.
I0000 00:00:1758311218.397078   45384 gl_context_egl.cc:85] Successfully initialized EGL. Major : 1 Minor: 5
I0000 00:00:1758311218.408923   59671 gl_context.cc:369] GL version: 3.2 (OpenGL ES 3.2 NVIDIA 570.172.08), renderer: Tesla P100-PCIE-16GB/PCIe/SSE2
W0000 00:00:1758311218.411938   45384 face_landmarker_graph.cc:174] Sets FaceBlendshapesGraph acceleration to xnnpack by default.
W0000 00:00:1758311218.419437   59679 inference_feedback_manager.cc:114] Feedback manager requires a model with a single signature inference. Disabling support for feedback tensors.
W0000 00:00:1758311218.443182   59679 inference_feedback_manager.cc:114] Feedback manager requires a model with a single signature inference. Disabling support for feedback tensors.
I0000 00:00:1758311219.175806   45384 gl_context_egl.cc:85] Successfully initialized EGL. Major : 1 Minor: 5
I0000 00:00:1758311219.187565   59701 gl_context.cc:369] GL version: 3.2 (OpenGL ES 3.2 NVIDIA 570.172.08), renderer: Tesla P100-PCIE-16GB/PCIe/SSE2
W0000 00:00:1758311219.189600   45384 face_landmarker_graph.cc:174] Sets FaceBlendshapesGraph acceleration to xnnpack by default.
W0000 00:00:1758311219.195885   59709 inference_feedback_manager.cc:114] Feedback manager requires a model with a single signature inference. Disabling support for feedback tensors.
W0000 00:00:1758311219.212456   59709 inference_feedback_manager.cc:114] Feedback manager requires a model with a single signature inference. Disabling support for feedback tensors.
I0000 00:00:1758311219.685567   45384 gl_context_egl.cc:85] Successfully initialized EGL. Major : 1 Minor: 5
I0000 00:00:1758311219.697281   59731 gl_context.cc:369] GL version: 3.2 (OpenGL ES 3.2 NVIDIA 570.172.08), renderer: Tesla P100-PCIE-16GB/PCIe/SSE2
W0000 00:00:1758311219.700931   45384 face_landmarker_graph.cc:174] Sets FaceBlendshapesGraph acceleration to xnnpack by default.
W0000 00:00:1758311219.708520   59739 inference_feedback_manager.cc:114] Feedback manager requires a model with a single signature inference. Disabling support for feedback tensors.
W0000 00:00:1758311219.732300   59739 inference_feedback_manager.cc:114] Feedback manager requires a model with a single signature inference. Disabling support for feedback tensors.
I0000 00:00:1758311220.065601   45384 gl_context_egl.cc:85] Successfully initialized EGL. Major : 1 Minor: 5
I0000 00:00:1758311220.077242   59761 gl_context.cc:369] GL version: 3.2 (OpenGL ES 3.2 NVIDIA 570.172.08), renderer: Tesla P100-PCIE-16GB/PCIe/SSE2
W0000 00:00:1758311220.079573   45384 face_landmarker_graph.cc:174] Sets FaceBlendshapesGraph acceleration to xnnpack by default.
W0000 00:00:1758311220.086010   59769 inference_feedback_manager.cc:114] Feedback manager requires a model with a single signature inference. Disabling support for feedback tensors.
W0000 00:00:1758311220.107968   59769 inference_feedback_manager.cc:114] Feedback manager requires a model with a single signature inference. Disabling support for feedback tensors.
NOTE: DECRYPTION UNSUCESSFUL. PLEASE INCLUDE NESSESARY MODELS IN DATA DIRECTORY.
(35, 92, 2)
(63, 92, 2)
(43, 92, 2)
(60, 92, 2)
(68, 92, 2)
(71, 92, 2)
(24, 92, 2)
(39, 92, 2)
(40, 92, 2)
(70, 92, 2)
(65, 92, 2)
(27, 92, 2)
(51, 92, 2)
(40, 92, 2)
(24, 92, 2)
(25, 92, 2)
(53, 92, 2)
(33, 92, 2)
(73, 92, 2)
(39, 92, 2)
(68, 92, 2)
(34, 92, 2)
(82, 92, 2)
(41, 92, 2)
(73, 92, 2)
(41, 92, 2)
(2, 92, 2)
(17, 92, 2)
(29, 92, 2)
(50, 92, 2)
(63, 92, 2)
(35, 92, 2)
(26, 92, 2)
(48, 92, 2)
(47, 92, 2)
(53, 92, 2)
(36, 92, 2)
(88, 92, 2)
(24, 92, 2)
(38, 92, 2)
(122, 92, 2)
(75, 92, 2)
(32, 92, 2)
(41, 92, 2)
(53, 92, 2)
(90, 92, 2)
(55, 92, 2)
(38, 92, 2)
(44, 92, 2)
(93, 92, 2)
(111, 92, 2)
(36, 92, 2)
(40, 92, 2)
(56, 92, 2)
(41, 92, 2)
(83, 92, 2)
(90, 92, 2)
(18, 92, 2)
(49, 92, 2)
(34, 92, 2)
(8, 92, 2)
(45, 92, 2)
(51, 92, 2)
(54, 92, 2)
(51, 92, 2)
(30, 92, 2)
(29, 92, 2)
(10, 92, 2)
(22, 92, 2)
(39, 92, 2)
(46, 92, 2)
(65, 92, 2)
(63, 92, 2)
(73, 92, 2)
(27, 92, 2)
(6, 92, 2)
(35, 92, 2)
(30, 92, 2)
(66, 92, 2)
(26, 92, 2)
(60, 92, 2)
(150, 92, 2)
(50, 92, 2)
(123, 92, 2)
(37, 92, 2)
(28, 92, 2)
(107, 92, 2)
(48, 92, 2)
(115, 92, 2)
(58, 92, 2)
(62, 92, 2)
(26, 92, 2)
(48, 92, 2)
(29, 92, 2)
(132, 92, 2)
(43, 92, 2)
(41, 92, 2)
(101, 92, 2)
(39, 92, 2)
(55, 92, 2)
(40, 92, 2)
(53, 92, 2)
(70, 92, 2)
(56, 92, 2)
(19, 92, 2)
(58, 92, 2)
(142, 92, 2)
(45, 92, 2)
(88, 92, 2)
(31, 92, 2)
(55, 92, 2)
(55, 92, 2)
(80, 92, 2)
(36, 92, 2)
(95, 92, 2)
(101, 92, 2)
(59, 92, 2)
(36, 92, 2)
(131, 92, 2)
(38, 92, 2)
(25, 92, 2)
(83, 92, 2)
(38, 92, 2)
(54, 92, 2)
(72, 92, 2)
(100, 92, 2)
(59, 92, 2)
(63, 92, 2)
(109, 92, 2)
(31, 92, 2)
(91, 92, 2)
(42, 92, 2)
(46, 92, 2)
(133, 92, 2)
(72, 92, 2)
(92, 92, 2)
(54, 92, 2)
(93, 92, 2)
(34, 92, 2)
(33, 92, 2)
(26, 92, 2)
(95, 92, 2)
(38, 92, 2)
(48, 92, 2)
(103, 92, 2)
(63, 92, 2)
(61, 92, 2)
(42, 92, 2)
(86, 92, 2)
(27, 92, 2)
(106, 92, 2)
(23, 92, 2)
(28, 92, 2)
(75, 92, 2)
(44, 92, 2)
(104, 92, 2)
(153, 92, 2)
(103, 92, 2)
(42, 92, 2)
(110, 92, 2)
(31, 92, 2)
(34, 92, 2)
(38, 92, 2)
(25, 92, 2)
(45, 92, 2)
(29, 92, 2)
(39, 92, 2)
(75, 92, 2)
(29, 92, 2)
(65, 92, 2)
(72, 92, 2)
(41, 92, 2)
(26, 92, 2)
(61, 92, 2)
(53, 92, 2)
(32, 92, 2)
(81, 92, 2)
(118, 92, 2)
(54, 92, 2)
(47, 92, 2)
(113, 92, 2)
(68, 92, 2)
(45, 92, 2)
(49, 92, 2)
(44, 92, 2)
(44, 92, 2)
(29, 92, 2)
(18, 92, 2)
(69, 92, 2)
(26, 92, 2)
(63, 92, 2)
(57, 92, 2)
(61, 92, 2)
(107, 92, 2)
(1, 92, 2)
(1, 92, 2)
(39, 92, 2)
(46, 92, 2)
(28, 92, 2)
(34, 92, 2)
(120, 92, 2)
(31, 92, 2)
(30, 92, 2)
(56, 92, 2)
(71, 92, 2)
(29, 92, 2)
(70, 92, 2)
(56, 92, 2)
(68, 92, 2)
(34, 92, 2)
(29, 92, 2)
(136, 92, 2)
(63, 92, 2)
(101, 92, 2)
(62, 92, 2)
(58, 92, 2)
(71, 92, 2)
(103, 92, 2)
(36, 92, 2)
(19, 92, 2)
(69, 92, 2)
(41, 92, 2)
(23, 92, 2)
(35, 92, 2)
(89, 92, 2)
(27, 92, 2)
(2, 92, 2)
(1, 92, 2)
(39, 92, 2)
(46, 92, 2)
(29, 92, 2)
(119, 92, 2)
(76, 92, 2)
(37, 92, 2)
(22, 92, 2)
(25, 92, 2)
(33, 92, 2)
(97, 92, 2)
(20, 92, 2)
(82, 92, 2)
(46, 92, 2)
(40, 92, 2)
(39, 92, 2)
(37, 92, 2)
(27, 92, 2)
(41, 92, 2)
(24, 92, 2)
(25, 92, 2)
(47, 92, 2)
(57, 92, 2)
(31, 92, 2)
(26, 92, 2)
(47, 92, 2)
(61, 92, 2)
(41, 92, 2)
(12, 92, 2)
(39, 92, 2)
(36, 92, 2)
(29, 92, 2)
(27, 92, 2)
(21, 92, 2)
(27, 92, 2)
(22, 92, 2)
(87, 92, 2)
(26, 92, 2)
(57, 92, 2)
(35, 92, 2)
(34, 92, 2)
(76, 92, 2)
(37, 92, 2)
(41, 92, 2)
(85, 92, 2)
(44, 92, 2)
(41, 92, 2)
(149, 92, 2)
(43, 92, 2)
(28, 92, 2)
(144, 92, 2)
(46, 92, 2)
(79, 92, 2)
(38, 92, 2)
(90, 92, 2)
(29, 92, 2)
(79, 92, 2)
(41, 92, 2)
(97, 92, 2)
(29, 92, 2)
(46, 92, 2)
(32, 92, 2)
(50, 92, 2)
(28, 92, 2)
(36, 92, 2)
(54, 92, 2)
(113, 92, 2)
(51, 92, 2)
(109, 92, 2)
(33, 92, 2)
(26, 92, 2)
(40, 92, 2)
(56, 92, 2)
(141, 92, 2)
(85, 92, 2)
(65, 92, 2)
(39, 92, 2)
(56, 92, 2)
(45, 92, 2)
(125, 92, 2)
(67, 92, 2)
(36, 92, 2)
(46, 92, 2)
(66, 92, 2)
(38, 92, 2)
(22, 92, 2)
(39, 92, 2)
(93, 92, 2)
(51, 92, 2)
(32, 92, 2)
(36, 92, 2)
(21, 92, 2)
(20, 92, 2)
(52, 92, 2)
(25, 92, 2)
(74, 92, 2)
(3, 92, 2)
(48, 92, 2)
(84, 92, 2)
(54, 92, 2)
(45, 92, 2)
(53, 92, 2)
(31, 92, 2)
(80, 92, 2)
(54, 92, 2)
(28, 92, 2)
(74, 92, 2)
(45, 92, 2)
(71, 92, 2)
(62, 92, 2)
(56, 92, 2)
(63, 92, 2)
(36, 92, 2)
(138, 92, 2)
(49, 92, 2)
(118, 92, 2)
(52, 92, 2)
(88, 92, 2)
(34, 92, 2)
(57, 92, 2)
(56, 92, 2)
(89, 92, 2)
(91, 92, 2)
(118, 92, 2)
(70, 92, 2)
(26, 92, 2)
(44, 92, 2)
(87, 92, 2)
(137, 92, 2)
(42, 92, 2)
(47, 92, 2)
(39, 92, 2)
(44, 92, 2)
(43, 92, 2)
(29, 92, 2)
(51, 92, 2)
(35, 92, 2)
(45, 92, 2)
(58, 92, 2)
(48, 92, 2)
(24, 92, 2)
(41, 92, 2)
(47, 92, 2)
(29, 92, 2)
(58, 92, 2)
(29, 92, 2)
(35, 92, 2)
(36, 92, 2)
(41, 92, 2)
(48, 92, 2)
(71, 92, 2)
(37, 92, 2)
(40, 92, 2)
(79, 92, 2)
(33, 92, 2)
(37, 92, 2)
(33, 92, 2)
(43, 92, 2)
(31, 92, 2)
(38, 92, 2)
(47, 92, 2)
(38, 92, 2)
(57, 92, 2)
(29, 92, 2)
(57, 92, 2)
(37, 92, 2)
(49, 92, 2)
(28, 92, 2)
(71, 92, 2)
(46, 92, 2)
(81, 92, 2)
(109, 92, 2)
(73, 92, 2)
(45, 92, 2)
(31, 92, 2)
(50, 92, 2)
(27, 92, 2)
(44, 92, 2)
(34, 92, 2)
(27, 92, 2)
(38, 92, 2)
(21, 92, 2)
Traceback (most recent call last):
  File "/home/ksw38/RVL/color_syncnet/Wav2Lip/kimi/get_landmarks_norm.py", line 55, in <module>
    lmks = np.swapaxes(lmks, 1,2)
  File "/home/ksw38/.conda/envs/vsr/lib/python3.10/site-packages/numpy/_core/fromnumeric.py", line 628, in swapaxes
    return _wrapfunc(a, 'swapaxes', axis1, axis2)
  File "/home/ksw38/.conda/envs/vsr/lib/python3.10/site-packages/numpy/_core/fromnumeric.py", line 57, in _wrapfunc
    return bound(*args, **kwds)
numpy.exceptions.AxisError: axis1: axis 1 is out of bounds for array of dimension 1
